<?xml version = '1.0' encoding = 'UTF-8'?>
<Entity class="oracle.dbtools.crest.model.design.logical.Entity" directorySegmentName="seg_0" id="3BBC7E40-6DB7-7764-7851-7D6E66081856" name="Rekordy">
<createdBy>adamp</createdBy>
<createdTime>2022-11-13 15:29:52 UTC</createdTime>
<ownerDesignName>erd-model</ownerDesignName>
<engineerTo>
<item key="E788BBA5-975B-5C7D-00D5-51C3FD4157DC" value="true"/>
</engineerTo>
<adequatelyNormalized>NO</adequatelyNormalized>
<expectedVolumes>0</expectedVolumes>
<fwdEngineeringStrategyName>Single Table</fwdEngineeringStrategyName>
<growthPercent>0</growthPercent>
<growthType>Year</growthType>
<maxVolumes>9999999</maxVolumes>
<minVolumes>0</minVolumes>
<normalForm>Third</normalForm>
<attributes itemClass="oracle.dbtools.crest.model.design.logical.Attribute">
<Attribute name="pesel" id="3499B67C-7654-0A34-64E0-47CA4C376C66">
<createdBy>caribou</createdBy>
<createdTime>2022-11-16 08:23:16 UTC</createdTime>
<generatorID>D7075438-BF90-0DEB-7517-D6B798F98BB0</generatorID>
<ownerDesignName>erd-model</ownerDesignName>
<engineerTo>
<item key="E788BBA5-975B-5C7D-00D5-51C3FD4157DC" value="true"/>
</engineerTo>
<referedAttribute>1D5E884A-56EB-C794-B7DD-A147A172F117</referedAttribute>
<useDomainConstraints>false</useDomainConstraints>
<use>1</use>
<logicalDatatype>LOGDT024</logicalDatatype>
<dataTypeSize>11</dataTypeSize>
<ownDataTypeParameters>,,</ownDataTypeParameters>
</Attribute>
<Attribute name="czas" id="1819BC35-1EEA-EBF7-E581-D38284F6651D">
<createdBy>adamp</createdBy>
<createdTime>2022-11-13 15:29:52 UTC</createdTime>
<ownerDesignName>erd-model</ownerDesignName>
<importedID>E90B456F-CC4C-6A37-69F2-B8751868253C</importedID>
<engineerTo>
<item key="E788BBA5-975B-5C7D-00D5-51C3FD4157DC" value="true"/>
</engineerTo>
<useDomainConstraints>false</useDomainConstraints>
<use>1</use>
<logicalDatatype>LOGDT014</logicalDatatype>
<ownDataTypeParameters>,,</ownDataTypeParameters>
</Attribute>
<Attribute name="nazwa_wys" id="7EC2C0AC-1968-DA4F-785D-3007EA4532B9">
<createdBy>caribou</createdBy>
<createdTime>2022-11-15 15:22:18 UTC</createdTime>
<generatorID>4E8C3859-837C-6F41-3B66-84EB1800AF86</generatorID>
<ownerDesignName>erd-model</ownerDesignName>
<engineerTo>
<item key="E788BBA5-975B-5C7D-00D5-51C3FD4157DC" value="true"/>
</engineerTo>
<referedAttribute>B376CC97-FB4A-0A22-7C42-3401E6084E73</referedAttribute>
<useDomainConstraints>false</useDomainConstraints>
<use>1</use>
<logicalDatatype>LOGDT024</logicalDatatype>
<dataTypeSize>64</dataTypeSize>
<ownDataTypeParameters>,,</ownDataTypeParameters>
</Attribute>
<Attribute name="numer_okr" id="D62A8DB6-B9A9-8714-9AFF-8F270417055B">
<createdBy>caribou</createdBy>
<createdTime>2022-11-16 08:23:43 UTC</createdTime>
<ownerDesignName>erd-model</ownerDesignName>
<engineerTo>
<item key="E788BBA5-975B-5C7D-00D5-51C3FD4157DC" value="true"/>
</engineerTo>
<nullsAllowed>true</nullsAllowed>
<useDomainConstraints>false</useDomainConstraints>
<use>1</use>
<logicalDatatype>LOGDT019</logicalDatatype>
<ownDataTypeParameters>,,</ownDataTypeParameters>
</Attribute>
</attributes>
<identifiers itemClass="oracle.dbtools.crest.model.design.logical.CandidateKey">
<identifier id="B63DB95C-D7C1-C808-808D-F859B653FF6F" name="Rekordy PK">
<createdBy>caribou</createdBy>
<createdTime>2022-11-15 14:00:32 UTC</createdTime>
<ownerDesignName>erd-model</ownerDesignName>
<engineerTo>
<item key="E788BBA5-975B-5C7D-00D5-51C3FD4157DC" value="true"/>
</engineerTo>
<pk>true</pk>
<usedAttributes>
<attributeRef>3499B67C-7654-0A34-64E0-47CA4C376C66</attributeRef>
<attributeRef>7EC2C0AC-1968-DA4F-785D-3007EA4532B9</attributeRef>
</usedAttributes>
</identifier>
</identifiers>
</Entity>
