<?xml version = '1.0' encoding = 'UTF-8'?>
<Entity class="oracle.dbtools.crest.model.design.logical.Entity" directorySegmentName="seg_0" id="41F8CA66-1C7B-B73A-96F8-8A10C7082AB6" name="Serwis">
<createdBy>adamp</createdBy>
<createdTime>2022-11-13 15:29:52 UTC</createdTime>
<ownerDesignName>erd-model</ownerDesignName>
<engineerTo>
<item key="E788BBA5-975B-5C7D-00D5-51C3FD4157DC" value="true"/>
</engineerTo>
<adequatelyNormalized>NO</adequatelyNormalized>
<expectedVolumes>0</expectedVolumes>
<fwdEngineeringStrategyName>Single Table</fwdEngineeringStrategyName>
<growthPercent>0</growthPercent>
<growthType>Year</growthType>
<maxVolumes>9999999</maxVolumes>
<minVolumes>0</minVolumes>
<normalForm>Third</normalForm>
<attributes itemClass="oracle.dbtools.crest.model.design.logical.Attribute">
<Attribute name="vin" id="505EB2FA-3CFB-14A7-C339-F2ABDC260AF7">
<createdBy>caribou</createdBy>
<createdTime>2022-11-15 14:27:06 UTC</createdTime>
<generatorID>4BEFF2D5-1862-5191-C561-EEEE71AFBFB8</generatorID>
<ownerDesignName>erd-model</ownerDesignName>
<engineerTo>
<item key="E788BBA5-975B-5C7D-00D5-51C3FD4157DC" value="true"/>
</engineerTo>
<referedAttribute>A3500D65-A00E-0AAA-D567-4CA0419396CC</referedAttribute>
<useDomainConstraints>false</useDomainConstraints>
<use>1</use>
<logicalDatatype>LOGDT024</logicalDatatype>
<dataTypeSize>17</dataTypeSize>
<ownDataTypeParameters>,,</ownDataTypeParameters>
</Attribute>
<Attribute name="data_rozp" id="15985DAC-18B9-CEA6-C563-FD19C89D7D71">
<createdBy>adamp</createdBy>
<createdTime>2022-11-13 15:29:52 UTC</createdTime>
<ownerDesignName>erd-model</ownerDesignName>
<importedID>DF4B977E-B50D-ED8C-4ACB-60D372E61236</importedID>
<engineerTo>
<item key="E788BBA5-975B-5C7D-00D5-51C3FD4157DC" value="true"/>
</engineerTo>
<useDomainConstraints>false</useDomainConstraints>
<use>1</use>
<logicalDatatype>LOGDT008</logicalDatatype>
<ownDataTypeParameters>,,</ownDataTypeParameters>
</Attribute>
<Attribute name="nazwa_zmian" id="6D4E64B4-9267-29D2-0E4D-ADB08817FD3C">
<createdBy>caribou</createdBy>
<createdTime>2022-11-15 13:18:10 UTC</createdTime>
<ownerDesignName>erd-model</ownerDesignName>
<engineerTo>
<item key="E788BBA5-975B-5C7D-00D5-51C3FD4157DC" value="true"/>
</engineerTo>
<useDomainConstraints>false</useDomainConstraints>
<use>1</use>
<logicalDatatype>LOGDT024</logicalDatatype>
<dataTypeSize>64</dataTypeSize>
<ownDataTypeParameters>64,,</ownDataTypeParameters>
</Attribute>
<Attribute name="data_zak" id="657D6A1C-F435-E9F3-DF87-17339B1B053C">
<createdBy>adamp</createdBy>
<createdTime>2022-11-13 15:29:52 UTC</createdTime>
<ownerDesignName>erd-model</ownerDesignName>
<importedID>115B8EBF-53D7-DCC0-3C2A-1C9C6A8E479C</importedID>
<engineerTo>
<item key="E788BBA5-975B-5C7D-00D5-51C3FD4157DC" value="true"/>
</engineerTo>
<useDomainConstraints>false</useDomainConstraints>
<use>1</use>
<logicalDatatype>LOGDT008</logicalDatatype>
<ownDataTypeParameters>,,</ownDataTypeParameters>
</Attribute>
<Attribute name="koszt" id="1E362BB7-6692-E998-D33F-A50E1D21CF43">
<createdBy>adamp</createdBy>
<createdTime>2022-11-13 15:29:52 UTC</createdTime>
<ownerDesignName>erd-model</ownerDesignName>
<importedID>59A05961-716A-CBB3-DDB2-36B51967D0CD</importedID>
<engineerTo>
<item key="E788BBA5-975B-5C7D-00D5-51C3FD4157DC" value="true"/>
</engineerTo>
<nullsAllowed>true</nullsAllowed>
<useDomainConstraints>false</useDomainConstraints>
<use>1</use>
<logicalDatatype>LOGDT019</logicalDatatype>
<ownDataTypeParameters>,,</ownDataTypeParameters>
</Attribute>
<Attribute name="opis" id="70D353A1-E2BA-3BDE-067C-E5ECC3F0E4B2">
<createdBy>adamp</createdBy>
<createdTime>2022-11-13 15:33:11 UTC</createdTime>
<ownerDesignName>erd-model</ownerDesignName>
<engineerTo>
<item key="E788BBA5-975B-5C7D-00D5-51C3FD4157DC" value="true"/>
</engineerTo>
<nullsAllowed>true</nullsAllowed>
<useDomainConstraints>false</useDomainConstraints>
<use>1</use>
<logicalDatatype>LOGDT024</logicalDatatype>
<dataTypeSize>255</dataTypeSize>
<ownDataTypeParameters>255,,</ownDataTypeParameters>
</Attribute>
</attributes>
<identifiers itemClass="oracle.dbtools.crest.model.design.logical.CandidateKey">
<identifier id="1D4748E5-0F99-3B56-9F99-EF987F6352DF" name="Serwis PK">
<createdBy>caribou</createdBy>
<createdTime>2022-11-15 13:43:48 UTC</createdTime>
<ownerDesignName>erd-model</ownerDesignName>
<engineerTo>
<item key="E788BBA5-975B-5C7D-00D5-51C3FD4157DC" value="true"/>
</engineerTo>
<pk>true</pk>
<usedAttributes>
<attributeRef>505EB2FA-3CFB-14A7-C339-F2ABDC260AF7</attributeRef>
<attributeRef>15985DAC-18B9-CEA6-C563-FD19C89D7D71</attributeRef>
</usedAttributes>
</identifier>
</identifiers>
</Entity>
