<?xml version = '1.0' encoding = 'UTF-8'?>
<Entity class="oracle.dbtools.crest.model.design.logical.Entity" directorySegmentName="seg_0" id="7CFF4A3D-A367-D728-EA3F-52502E30D858" name="Model">
<createdBy>caribou</createdBy>
<createdTime>2022-11-16 16:38:02 UTC</createdTime>
<ownerDesignName>erd-model</ownerDesignName>
<engineerTo>
<item key="E788BBA5-975B-5C7D-00D5-51C3FD4157DC" value="true"/>
</engineerTo>
<adequatelyNormalized>NO</adequatelyNormalized>
<expectedVolumes>0</expectedVolumes>
<fwdEngineeringStrategyName>Single Table</fwdEngineeringStrategyName>
<growthPercent>0</growthPercent>
<growthType>Year</growthType>
<maxVolumes>9999999</maxVolumes>
<minVolumes>0</minVolumes>
<normalForm>Third</normalForm>
<attributes itemClass="oracle.dbtools.crest.model.design.logical.Attribute">
<Attribute name="nazwa_mod" id="6342AD8B-4BF0-8872-2964-74589280316C">
<createdBy>caribou</createdBy>
<createdTime>2022-11-16 16:38:08 UTC</createdTime>
<ownerDesignName>erd-model</ownerDesignName>
<engineerTo>
<item key="E788BBA5-975B-5C7D-00D5-51C3FD4157DC" value="true"/>
</engineerTo>
<useDomainConstraints>false</useDomainConstraints>
<use>1</use>
<logicalDatatype>LOGDT024</logicalDatatype>
<dataTypeSize>64</dataTypeSize>
<ownDataTypeParameters>64,,</ownDataTypeParameters>
</Attribute>
<Attribute name="marka_mod" id="55A9D402-A4C5-CCEA-BF42-804CFF986A27">
<createdBy>caribou</createdBy>
<createdTime>2022-11-16 16:38:31 UTC</createdTime>
<ownerDesignName>erd-model</ownerDesignName>
<engineerTo>
<item key="E788BBA5-975B-5C7D-00D5-51C3FD4157DC" value="true"/>
</engineerTo>
<useDomainConstraints>false</useDomainConstraints>
<use>1</use>
<logicalDatatype>LOGDT024</logicalDatatype>
<ownDataTypeParameters>,,</ownDataTypeParameters>
</Attribute>
</attributes>
<identifiers itemClass="oracle.dbtools.crest.model.design.logical.CandidateKey">
<identifier id="49B47578-7A74-D203-E7D2-BEAD1BA3DECA" name="Model PK">
<createdBy>caribou</createdBy>
<createdTime>2022-11-16 16:38:28 UTC</createdTime>
<ownerDesignName>erd-model</ownerDesignName>
<engineerTo>
<item key="E788BBA5-975B-5C7D-00D5-51C3FD4157DC" value="true"/>
</engineerTo>
<pk>true</pk>
<usedAttributes>
<attributeRef>6342AD8B-4BF0-8872-2964-74589280316C</attributeRef>
<attributeRef>55A9D402-A4C5-CCEA-BF42-804CFF986A27</attributeRef>
</usedAttributes>
</identifier>
</identifiers>
</Entity>
