<?xml version = '1.0' encoding = 'UTF-8'?>
<Entity class="oracle.dbtools.crest.model.design.logical.Entity" directorySegmentName="seg_0" id="7DC1B1B8-4C81-8375-D963-CCBA17A44460" name="Kierowcy">
<createdBy>adamp</createdBy>
<createdTime>2022-11-13 15:29:52 UTC</createdTime>
<ownerDesignName>erd-model</ownerDesignName>
<engineerTo>
<item key="E788BBA5-975B-5C7D-00D5-51C3FD4157DC" value="true"/>
</engineerTo>
<adequatelyNormalized>NO</adequatelyNormalized>
<expectedVolumes>0</expectedVolumes>
<fwdEngineeringStrategyName>Single Table</fwdEngineeringStrategyName>
<growthPercent>0</growthPercent>
<growthType>Year</growthType>
<hierarchicalParent>8DB731BB-BE29-C329-503C-84A070F2D2C4</hierarchicalParent>
<maxVolumes>9999999</maxVolumes>
<minVolumes>0</minVolumes>
<normalForm>Third</normalForm>
<attributes itemClass="oracle.dbtools.crest.model.design.logical.Attribute">
<Attribute name="data_ur" id="8F70CC8C-51F6-E2FF-497E-09980590A1B6">
<createdBy>adamp</createdBy>
<createdTime>2022-11-13 16:14:56 UTC</createdTime>
<ownerDesignName>erd-model</ownerDesignName>
<engineerTo>
<item key="E788BBA5-975B-5C7D-00D5-51C3FD4157DC" value="true"/>
</engineerTo>
<useDomainConstraints>false</useDomainConstraints>
<use>1</use>
<logicalDatatype>LOGDT007</logicalDatatype>
<ownDataTypeParameters>,,</ownDataTypeParameters>
</Attribute>
<Attribute name="kraj_ur" id="53F55E7B-1C8E-C3DB-92C3-2E62B59ABACA">
<createdBy>adamp</createdBy>
<createdTime>2022-11-13 16:14:56 UTC</createdTime>
<ownerDesignName>erd-model</ownerDesignName>
<engineerTo>
<item key="E788BBA5-975B-5C7D-00D5-51C3FD4157DC" value="true"/>
</engineerTo>
<useDomainConstraints>false</useDomainConstraints>
<use>1</use>
<logicalDatatype>LOGDT024</logicalDatatype>
<dataTypeSize>64</dataTypeSize>
<ownDataTypeParameters>64,,</ownDataTypeParameters>
</Attribute>
<Attribute name="numer_start" id="8FA12685-635F-0A6F-AAED-163DFB4C8699">
<createdBy>adamp</createdBy>
<createdTime>2022-11-13 16:15:14 UTC</createdTime>
<ownerDesignName>erd-model</ownerDesignName>
<engineerTo>
<item key="E788BBA5-975B-5C7D-00D5-51C3FD4157DC" value="true"/>
</engineerTo>
<nullsAllowed>true</nullsAllowed>
<useDomainConstraints>false</useDomainConstraints>
<use>1</use>
<logicalDatatype>LOGDT019</logicalDatatype>
<ownDataTypeParameters>,,</ownDataTypeParameters>
</Attribute>
<Attribute name="nazwa_mod" id="8FB084A4-8000-C6AE-AF57-436E56A41D86">
<createdBy>caribou</createdBy>
<createdTime>2022-11-16 16:40:26 UTC</createdTime>
<generatorID>2EA818C6-9E57-6AF5-16A1-312CB52F1C6B</generatorID>
<ownerDesignName>erd-model</ownerDesignName>
<engineerTo>
<item key="E788BBA5-975B-5C7D-00D5-51C3FD4157DC" value="true"/>
</engineerTo>
<referedAttribute>6342AD8B-4BF0-8872-2964-74589280316C</referedAttribute>
<useDomainConstraints>false</useDomainConstraints>
<use>1</use>
<logicalDatatype>LOGDT024</logicalDatatype>
<dataTypeSize>64</dataTypeSize>
<ownDataTypeParameters>,,</ownDataTypeParameters>
</Attribute>
<Attribute name="marka_mod" id="4677EAC1-6EBE-583C-95D8-2DCCBA99D0F7">
<createdBy>caribou</createdBy>
<createdTime>2022-11-16 16:59:36 UTC</createdTime>
<generatorID>2EA818C6-9E57-6AF5-16A1-312CB52F1C6B</generatorID>
<ownerDesignName>erd-model</ownerDesignName>
<engineerTo>
<item key="E788BBA5-975B-5C7D-00D5-51C3FD4157DC" value="true"/>
</engineerTo>
<referedAttribute>55A9D402-A4C5-CCEA-BF42-804CFF986A27</referedAttribute>
<useDomainConstraints>false</useDomainConstraints>
<use>1</use>
<logicalDatatype>LOGDT024</logicalDatatype>
<ownDataTypeParameters>,,</ownDataTypeParameters>
</Attribute>
</attributes>
</Entity>
