<?xml version = '1.0' encoding = 'UTF-8'?>
<Entity class="oracle.dbtools.crest.model.design.logical.Entity" directorySegmentName="seg_0" id="8DB731BB-BE29-C329-503C-84A070F2D2C4" name="Pracownicy">
<createdBy>adamp</createdBy>
<createdTime>2022-11-13 15:29:52 UTC</createdTime>
<ownerDesignName>erd-model</ownerDesignName>
<engineerTo>
<item key="E788BBA5-975B-5C7D-00D5-51C3FD4157DC" value="true"/>
</engineerTo>
<adequatelyNormalized>NO</adequatelyNormalized>
<expectedVolumes>0</expectedVolumes>
<fwdEngineeringStrategyName>Single Table</fwdEngineeringStrategyName>
<growthPercent>0</growthPercent>
<growthType>Year</growthType>
<maxVolumes>9999999</maxVolumes>
<minVolumes>0</minVolumes>
<normalForm>Third</normalForm>
<attributes itemClass="oracle.dbtools.crest.model.design.logical.Attribute">
<Attribute name="pesel" id="1D5E884A-56EB-C794-B7DD-A147A172F117">
<createdBy>adamp</createdBy>
<createdTime>2022-11-13 15:29:52 UTC</createdTime>
<ownerDesignName>erd-model</ownerDesignName>
<importedID>280302DE-F81D-6A5C-9003-B2561E8BC726</importedID>
<engineerTo>
<item key="E788BBA5-975B-5C7D-00D5-51C3FD4157DC" value="true"/>
</engineerTo>
<useDomainConstraints>false</useDomainConstraints>
<use>1</use>
<logicalDatatype>LOGDT024</logicalDatatype>
<dataTypeSize>11</dataTypeSize>
<ownDataTypeParameters>11,,</ownDataTypeParameters>
</Attribute>
<Attribute name="nazwisko" id="3611C772-76EA-BBE7-E124-F9BDEB5F6D47">
<createdBy>adamp</createdBy>
<createdTime>2022-11-13 15:29:52 UTC</createdTime>
<ownerDesignName>erd-model</ownerDesignName>
<importedID>09310CA5-4AC6-EFB0-5265-721C2400CA87</importedID>
<engineerTo>
<item key="E788BBA5-975B-5C7D-00D5-51C3FD4157DC" value="true"/>
</engineerTo>
<useDomainConstraints>false</useDomainConstraints>
<use>1</use>
<logicalDatatype>LOGDT024</logicalDatatype>
<dataTypeSize>64</dataTypeSize>
<ownDataTypeParameters>64,,</ownDataTypeParameters>
</Attribute>
<Attribute name="placa" id="8EEF536E-0965-EED8-F721-27C24598B965">
<createdBy>adamp</createdBy>
<createdTime>2022-11-13 15:29:52 UTC</createdTime>
<ownerDesignName>erd-model</ownerDesignName>
<importedID>4F72CC17-79FD-4A9D-027A-5023E0FF4F0A</importedID>
<engineerTo>
<item key="E788BBA5-975B-5C7D-00D5-51C3FD4157DC" value="true"/>
</engineerTo>
<nullsAllowed>true</nullsAllowed>
<useDomainConstraints>false</useDomainConstraints>
<use>1</use>
<logicalDatatype>LOGDT019</logicalDatatype>
<ownDataTypeParameters>,,</ownDataTypeParameters>
</Attribute>
<Attribute name="nazwa_zesp" id="5F45D506-F9FF-7A5F-667A-B0789E6654A5">
<createdBy>caribou</createdBy>
<createdTime>2022-11-15 14:44:59 UTC</createdTime>
<generatorID>CE885F31-C3FF-28A3-7C8F-989F49107643</generatorID>
<ownerDesignName>erd-model</ownerDesignName>
<engineerTo>
<item key="E788BBA5-975B-5C7D-00D5-51C3FD4157DC" value="true"/>
</engineerTo>
<referedAttribute>7AF6D9FA-74A0-23C2-EC79-3B147A50B873</referedAttribute>
<useDomainConstraints>false</useDomainConstraints>
<use>1</use>
<logicalDatatype>LOGDT024</logicalDatatype>
<dataTypeSize>64</dataTypeSize>
<ownDataTypeParameters>64,,</ownDataTypeParameters>
</Attribute>
</attributes>
<identifiers itemClass="oracle.dbtools.crest.model.design.logical.CandidateKey">
<identifier id="C4294240-4C4F-DFF3-D6D5-E63CEA8A1F54" name="Pracownicy PK">
<createdBy>adamp</createdBy>
<createdTime>2022-11-13 15:29:52 UTC</createdTime>
<ownerDesignName>erd-model</ownerDesignName>
<engineerTo>
<item key="E788BBA5-975B-5C7D-00D5-51C3FD4157DC" value="true"/>
</engineerTo>
<pk>true</pk>
<usedAttributes>
<attributeRef>1D5E884A-56EB-C794-B7DD-A147A172F117</attributeRef>
</usedAttributes>
</identifier>
</identifiers>
</Entity>
