<?xml version = '1.0' encoding = 'UTF-8'?>
<Entity class="oracle.dbtools.crest.model.design.logical.Entity" directorySegmentName="seg_0" id="97B48EE4-E588-7D7D-AC36-9F266FF9DC76" name="Mechanik">
<createdBy>caribou</createdBy>
<createdTime>2022-11-16 16:32:11 UTC</createdTime>
<ownerDesignName>erd-model</ownerDesignName>
<engineerTo>
<item key="E788BBA5-975B-5C7D-00D5-51C3FD4157DC" value="true"/>
</engineerTo>
<adequatelyNormalized>NO</adequatelyNormalized>
<expectedVolumes>0</expectedVolumes>
<fwdEngineeringStrategyName>Single Table</fwdEngineeringStrategyName>
<growthPercent>0</growthPercent>
<growthType>Year</growthType>
<hierarchicalParent>8DB731BB-BE29-C329-503C-84A070F2D2C4</hierarchicalParent>
<maxVolumes>9999999</maxVolumes>
<minVolumes>0</minVolumes>
<normalForm>Third</normalForm>
<attributes itemClass="oracle.dbtools.crest.model.design.logical.Attribute">
<Attribute name="rola" id="6794AB6A-A05B-AD17-A2EC-C165BAFEC912">
<createdBy>caribou</createdBy>
<createdTime>2022-11-16 16:32:17 UTC</createdTime>
<ownerDesignName>erd-model</ownerDesignName>
<engineerTo>
<item key="E788BBA5-975B-5C7D-00D5-51C3FD4157DC" value="true"/>
</engineerTo>
<useDomainConstraints>false</useDomainConstraints>
<use>1</use>
<logicalDatatype>LOGDT024</logicalDatatype>
<dataTypeSize>64</dataTypeSize>
<ownDataTypeParameters>64,,</ownDataTypeParameters>
</Attribute>
</attributes>
</Entity>
