<?xml version = '1.0' encoding = 'UTF-8'?>
<Entity class="oracle.dbtools.crest.model.design.logical.Entity" directorySegmentName="seg_0" id="C715E137-F297-DE03-656C-C1D1B5D8890D" name="Samochody">
<createdBy>adamp</createdBy>
<createdTime>2022-11-13 15:29:52 UTC</createdTime>
<ownerDesignName>erd-model</ownerDesignName>
<engineerTo>
<item key="E788BBA5-975B-5C7D-00D5-51C3FD4157DC" value="true"/>
</engineerTo>
<adequatelyNormalized>NO</adequatelyNormalized>
<expectedVolumes>0</expectedVolumes>
<fwdEngineeringStrategyName>Single Table</fwdEngineeringStrategyName>
<growthPercent>0</growthPercent>
<growthType>Year</growthType>
<maxVolumes>9999999</maxVolumes>
<minVolumes>0</minVolumes>
<normalForm>Third</normalForm>
<attributes itemClass="oracle.dbtools.crest.model.design.logical.Attribute">
<Attribute name="vin" id="A3500D65-A00E-0AAA-D567-4CA0419396CC">
<createdBy>adamp</createdBy>
<createdTime>2022-11-13 15:29:52 UTC</createdTime>
<ownerDesignName>erd-model</ownerDesignName>
<importedID>26463DB1-FE29-BE75-5121-70E9C65AA573</importedID>
<engineerTo>
<item key="E788BBA5-975B-5C7D-00D5-51C3FD4157DC" value="true"/>
</engineerTo>
<useDomainConstraints>false</useDomainConstraints>
<use>1</use>
<logicalDatatype>LOGDT024</logicalDatatype>
<dataTypeSize>17</dataTypeSize>
<ownDataTypeParameters>17,,</ownDataTypeParameters>
</Attribute>
<Attribute name="nazwa_mod" id="D11E7E7E-8858-BC85-C96D-7BE1F2E1C58F">
<createdBy>caribou</createdBy>
<createdTime>2022-11-16 16:44:26 UTC</createdTime>
<generatorID>AF648BF3-201A-6768-AE7F-932BFBB1C76F</generatorID>
<ownerDesignName>erd-model</ownerDesignName>
<engineerTo>
<item key="E788BBA5-975B-5C7D-00D5-51C3FD4157DC" value="true"/>
</engineerTo>
<referedAttribute>6342AD8B-4BF0-8872-2964-74589280316C</referedAttribute>
<useDomainConstraints>false</useDomainConstraints>
<use>1</use>
<logicalDatatype>LOGDT024</logicalDatatype>
<dataTypeSize>64</dataTypeSize>
<ownDataTypeParameters>,,</ownDataTypeParameters>
</Attribute>
<Attribute name="marka_mod" id="DDA6CD56-4336-CA6D-C4A4-7CF7F53A8D25">
<createdBy>caribou</createdBy>
<createdTime>2022-11-16 16:59:36 UTC</createdTime>
<generatorID>AF648BF3-201A-6768-AE7F-932BFBB1C76F</generatorID>
<ownerDesignName>erd-model</ownerDesignName>
<engineerTo>
<item key="E788BBA5-975B-5C7D-00D5-51C3FD4157DC" value="true"/>
</engineerTo>
<referedAttribute>55A9D402-A4C5-CCEA-BF42-804CFF986A27</referedAttribute>
<useDomainConstraints>false</useDomainConstraints>
<use>1</use>
<logicalDatatype>LOGDT024</logicalDatatype>
<ownDataTypeParameters>,,</ownDataTypeParameters>
</Attribute>
<Attribute name="nazwa_zesp" id="2490DDFE-24A5-BA91-A005-A70015D65CCB">
<createdBy>caribou</createdBy>
<createdTime>2022-11-15 15:39:31 UTC</createdTime>
<generatorID>B5D75EF3-B317-3501-18F8-A499FC6FA779</generatorID>
<ownerDesignName>erd-model</ownerDesignName>
<engineerTo>
<item key="E788BBA5-975B-5C7D-00D5-51C3FD4157DC" value="true"/>
</engineerTo>
<referedAttribute>7AF6D9FA-74A0-23C2-EC79-3B147A50B873</referedAttribute>
<useDomainConstraints>false</useDomainConstraints>
<use>1</use>
<logicalDatatype>LOGDT024</logicalDatatype>
<dataTypeSize>64</dataTypeSize>
<ownDataTypeParameters>64,,</ownDataTypeParameters>
</Attribute>
<Attribute name="moc" id="71593B5A-C913-C720-E6B9-4E3F64752BB1">
<createdBy>adamp</createdBy>
<createdTime>2022-11-13 15:29:52 UTC</createdTime>
<ownerDesignName>erd-model</ownerDesignName>
<importedID>893D03C1-B37C-14E0-DE81-9988AB3308A5</importedID>
<engineerTo>
<item key="E788BBA5-975B-5C7D-00D5-51C3FD4157DC" value="true"/>
</engineerTo>
<useDomainConstraints>false</useDomainConstraints>
<use>1</use>
<logicalDatatype>LOGDT019</logicalDatatype>
<ownDataTypeParameters>,,</ownDataTypeParameters>
</Attribute>
<Attribute name="masa" id="82822CF2-86A1-5C0D-9651-EE8E146A4662">
<createdBy>adamp</createdBy>
<createdTime>2022-11-13 15:29:52 UTC</createdTime>
<ownerDesignName>erd-model</ownerDesignName>
<importedID>C8DADE08-5FA2-2FCA-65E0-271187F8051E</importedID>
<engineerTo>
<item key="E788BBA5-975B-5C7D-00D5-51C3FD4157DC" value="true"/>
</engineerTo>
<useDomainConstraints>false</useDomainConstraints>
<use>1</use>
<logicalDatatype>LOGDT019</logicalDatatype>
<ownDataTypeParameters>,,</ownDataTypeParameters>
</Attribute>
<Attribute name="rok_prod" id="B6C35D41-49CC-B19B-8E20-818B4C07776D">
<createdBy>adamp</createdBy>
<createdTime>2022-11-13 15:35:40 UTC</createdTime>
<ownerDesignName>erd-model</ownerDesignName>
<engineerTo>
<item key="E788BBA5-975B-5C7D-00D5-51C3FD4157DC" value="true"/>
</engineerTo>
<nullsAllowed>true</nullsAllowed>
<useDomainConstraints>false</useDomainConstraints>
<use>1</use>
<logicalDatatype>LOGDT007</logicalDatatype>
<ownDataTypeParameters>,,</ownDataTypeParameters>
</Attribute>
</attributes>
<identifiers itemClass="oracle.dbtools.crest.model.design.logical.CandidateKey">
<identifier id="D37D2C0A-63D3-5BD9-843F-08CDBDB4F6FB" name="Samochody PK">
<createdBy>adamp</createdBy>
<createdTime>2022-11-13 15:29:52 UTC</createdTime>
<ownerDesignName>erd-model</ownerDesignName>
<engineerTo>
<item key="E788BBA5-975B-5C7D-00D5-51C3FD4157DC" value="true"/>
</engineerTo>
<pk>true</pk>
<usedAttributes>
<attributeRef>A3500D65-A00E-0AAA-D567-4CA0419396CC</attributeRef>
</usedAttributes>
</identifier>
</identifiers>
</Entity>
