<?xml version = '1.0' encoding = 'UTF-8'?>
<Entity class="oracle.dbtools.crest.model.design.logical.Entity" directorySegmentName="seg_0" id="E5C71EBA-09BC-A368-958C-BB1BC6F67FCF" name="Wyniki">
<createdBy>adamp</createdBy>
<createdTime>2022-11-13 15:29:52 UTC</createdTime>
<ownerDesignName>erd-model</ownerDesignName>
<engineerTo>
<item key="E788BBA5-975B-5C7D-00D5-51C3FD4157DC" value="true"/>
</engineerTo>
<adequatelyNormalized>NO</adequatelyNormalized>
<expectedVolumes>0</expectedVolumes>
<fwdEngineeringStrategyName>Single Table</fwdEngineeringStrategyName>
<growthPercent>0</growthPercent>
<growthType>Year</growthType>
<maxVolumes>9999999</maxVolumes>
<minVolumes>0</minVolumes>
<normalForm>Third</normalForm>
<attributes itemClass="oracle.dbtools.crest.model.design.logical.Attribute">
<Attribute name="nazwa_wys" id="911001DD-4EE1-47D8-2395-066AD7ECAAF7">
<createdBy>caribou</createdBy>
<createdTime>2022-11-15 14:41:03 UTC</createdTime>
<generatorID>0CE469F3-16A5-BE8C-9071-5B5BFC47453F</generatorID>
<ownerDesignName>erd-model</ownerDesignName>
<engineerTo>
<item key="E788BBA5-975B-5C7D-00D5-51C3FD4157DC" value="true"/>
</engineerTo>
<referedAttribute>B376CC97-FB4A-0A22-7C42-3401E6084E73</referedAttribute>
<useDomainConstraints>false</useDomainConstraints>
<use>1</use>
<logicalDatatype>LOGDT024</logicalDatatype>
<dataTypeSize>64</dataTypeSize>
<ownDataTypeParameters>,,</ownDataTypeParameters>
</Attribute>
<Attribute name="pozycja" id="BB9E4F22-3022-B193-61ED-4A33BD0FC531">
<createdBy>caribou</createdBy>
<createdTime>2022-11-15 13:26:33 UTC</createdTime>
<ownerDesignName>erd-model</ownerDesignName>
<engineerTo>
<item key="E788BBA5-975B-5C7D-00D5-51C3FD4157DC" value="true"/>
</engineerTo>
<useDomainConstraints>false</useDomainConstraints>
<use>1</use>
<logicalDatatype>LOGDT019</logicalDatatype>
<ownDataTypeParameters>,,</ownDataTypeParameters>
</Attribute>
<Attribute name="pesel" id="BE18ED88-0192-CC8A-1C07-0022D21C0987">
<createdBy>caribou</createdBy>
<createdTime>2022-11-16 08:23:16 UTC</createdTime>
<generatorID>EB73786B-BDF2-434D-E426-A0AE20BED1E4</generatorID>
<ownerDesignName>erd-model</ownerDesignName>
<engineerTo>
<item key="E788BBA5-975B-5C7D-00D5-51C3FD4157DC" value="true"/>
</engineerTo>
<referedAttribute>1D5E884A-56EB-C794-B7DD-A147A172F117</referedAttribute>
<useDomainConstraints>false</useDomainConstraints>
<use>1</use>
<logicalDatatype>LOGDT024</logicalDatatype>
<dataTypeSize>11</dataTypeSize>
<ownDataTypeParameters>,,</ownDataTypeParameters>
</Attribute>
</attributes>
<identifiers itemClass="oracle.dbtools.crest.model.design.logical.CandidateKey">
<identifier id="0D370BD8-D2ED-7F47-9E69-1D692367BC79" name="Wyniki PK">
<createdBy>caribou</createdBy>
<createdTime>2022-11-15 13:43:20 UTC</createdTime>
<ownerDesignName>erd-model</ownerDesignName>
<engineerTo>
<item key="E788BBA5-975B-5C7D-00D5-51C3FD4157DC" value="true"/>
</engineerTo>
<pk>true</pk>
<usedAttributes>
<attributeRef>BE18ED88-0192-CC8A-1C07-0022D21C0987</attributeRef>
<attributeRef>911001DD-4EE1-47D8-2395-066AD7ECAAF7</attributeRef>
</usedAttributes>
</identifier>
</identifiers>
</Entity>
