<?xml version = '1.0' encoding = 'UTF-8'?>
<Relation class="oracle.dbtools.crest.model.design.logical.Relation" name="Wyscig_Wynik" directorySegmentName="seg_0" id="0CE469F3-16A5-BE8C-9071-5B5BFC47453F">
<createdBy>caribou</createdBy>
<createdTime>2022-11-15 14:41:03 UTC</createdTime>
<ownerDesignName>erd-model</ownerDesignName>
<engineerTo>
<item key="E788BBA5-975B-5C7D-00D5-51C3FD4157DC" value="true"/>
</engineerTo>
<sourcePk>A802BC1C-057A-8B9B-E70A-319E91AAB40E</sourcePk>
<identifying>true</identifying>
<nameOnSource>w czasie którego osiągnięto</nameOnSource>
<nameOnTarget>w trakcie wyścigu</nameOnTarget>
<optionalSource>true</optionalSource>
<optionalTarget>false</optionalTarget>
<sourceCardinality>1</sourceCardinality>
<sourceEntity>BE07394E-7763-6EFD-923C-E3A77BAD67F6</sourceEntity>
<targetCardinalityString>*</targetCardinalityString>
<targetEntity>E5C71EBA-09BC-A368-958C-BB1BC6F67FCF</targetEntity>
<transferable>true</transferable>
<deleteRule>NO ACTION</deleteRule>
</Relation>
