<?xml version = '1.0' encoding = 'UTF-8'?>
<Relation class="oracle.dbtools.crest.model.design.logical.Relation" name="Model_Kierowca" directorySegmentName="seg_0" id="2EA818C6-9E57-6AF5-16A1-312CB52F1C6B">
<createdBy>caribou</createdBy>
<createdTime>2022-11-16 16:40:26 UTC</createdTime>
<ownerDesignName>erd-model</ownerDesignName>
<engineerTo>
<item key="E788BBA5-975B-5C7D-00D5-51C3FD4157DC" value="true"/>
</engineerTo>
<sourcePk>49B47578-7A74-D203-E7D2-BEAD1BA3DECA</sourcePk>
<identifying>false</identifying>
<nameOnSource>prowadzony przez</nameOnSource>
<nameOnTarget>prowadzi</nameOnTarget>
<optionalSource>true</optionalSource>
<optionalTarget>false</optionalTarget>
<sourceCardinality>1</sourceCardinality>
<sourceEntity>7CFF4A3D-A367-D728-EA3F-52502E30D858</sourceEntity>
<targetCardinalityString>*</targetCardinalityString>
<targetEntity>7DC1B1B8-4C81-8375-D963-CCBA17A44460</targetEntity>
<transferable>true</transferable>
<deleteRule>NO ACTION</deleteRule>
</Relation>
