<?xml version = '1.0' encoding = 'UTF-8'?>
<Relation class="oracle.dbtools.crest.model.design.logical.Relation" name="Wyscig_Rekord" directorySegmentName="seg_0" id="4E8C3859-837C-6F41-3B66-84EB1800AF86">
<createdBy>caribou</createdBy>
<createdTime>2022-11-15 15:22:18 UTC</createdTime>
<ownerDesignName>erd-model</ownerDesignName>
<engineerTo>
<item key="E788BBA5-975B-5C7D-00D5-51C3FD4157DC" value="true"/>
</engineerTo>
<sourcePk>A802BC1C-057A-8B9B-E70A-319E91AAB40E</sourcePk>
<identifying>true</identifying>
<nameOnSource>w czasie którego ustanowiono</nameOnSource>
<nameOnTarget>w trakcie wyscigu</nameOnTarget>
<optionalSource>true</optionalSource>
<optionalTarget>false</optionalTarget>
<sourceCardinality>1</sourceCardinality>
<sourceEntity>BE07394E-7763-6EFD-923C-E3A77BAD67F6</sourceEntity>
<targetCardinalityString>1</targetCardinalityString>
<targetEntity>3BBC7E40-6DB7-7764-7851-7D6E66081856</targetEntity>
<transferable>true</transferable>
<deleteRule>NO ACTION</deleteRule>
</Relation>
