<?xml version = '1.0' encoding = 'UTF-8'?>
<Relation class="oracle.dbtools.crest.model.design.logical.Relation" name="Zespol_Pracownik" directorySegmentName="seg_0" id="CE885F31-C3FF-28A3-7C8F-989F49107643">
<createdBy>caribou</createdBy>
<createdTime>2022-11-15 14:44:59 UTC</createdTime>
<ownerDesignName>erd-model</ownerDesignName>
<engineerTo>
<item key="E788BBA5-975B-5C7D-00D5-51C3FD4157DC" value="true"/>
</engineerTo>
<sourcePk>F436DDE0-FA57-B198-0D45-9E399A770D99</sourcePk>
<identifying>false</identifying>
<nameOnSource>w którym jest zatrudniony</nameOnSource>
<nameOnTarget>zatrudniony w</nameOnTarget>
<optionalSource>true</optionalSource>
<optionalTarget>false</optionalTarget>
<sourceCardinality>1</sourceCardinality>
<sourceEntity>DE771BC6-4DA0-E285-DA48-2F4F955E5728</sourceEntity>
<targetCardinalityString>*</targetCardinalityString>
<targetEntity>8DB731BB-BE29-C329-503C-84A070F2D2C4</targetEntity>
<transferable>true</transferable>
<deleteRule>NO ACTION</deleteRule>
</Relation>
