<?xml version = '1.0' encoding = 'UTF-8'?>
<Relation class="oracle.dbtools.crest.model.design.logical.Relation" name="Kierowca_Rekord" directorySegmentName="seg_0" id="D7075438-BF90-0DEB-7517-D6B798F98BB0">
<createdBy>caribou</createdBy>
<createdTime>2022-11-15 14:33:37 UTC</createdTime>
<ownerDesignName>erd-model</ownerDesignName>
<engineerTo>
<item key="E788BBA5-975B-5C7D-00D5-51C3FD4157DC" value="true"/>
</engineerTo>
<sourcePk>C4294240-4C4F-DFF3-D6D5-E63CEA8A1F54</sourcePk>
<identifying>true</identifying>
<nameOnSource>ustanowił</nameOnSource>
<nameOnTarget>ustanowiony przez</nameOnTarget>
<optionalSource>true</optionalSource>
<optionalTarget>false</optionalTarget>
<sourceCardinality>1</sourceCardinality>
<sourceEntity>7DC1B1B8-4C81-8375-D963-CCBA17A44460</sourceEntity>
<targetCardinalityString>*</targetCardinalityString>
<targetEntity>3BBC7E40-6DB7-7764-7851-7D6E66081856</targetEntity>
<transferable>true</transferable>
<deleteRule>NO ACTION</deleteRule>
</Relation>
