<?xml version = '1.0' encoding = 'UTF-8'?>
<Relation class="oracle.dbtools.crest.model.design.logical.Relation" name="Sponsor_Zespol" directorySegmentName="seg_0" id="E1A22295-337D-44E2-9A54-67D4AB412526">
<createdBy>caribou</createdBy>
<createdTime>2022-11-15 14:30:23 UTC</createdTime>
<ownerDesignName>erd-model</ownerDesignName>
<engineerTo>
<item key="E788BBA5-975B-5C7D-00D5-51C3FD4157DC" value="true"/>
</engineerTo>
<sourcePk>5BBA8BB6-FE7F-857C-294A-D4E6EBE9A526</sourcePk>
<targetPk>F436DDE0-FA57-B198-0D45-9E399A770D99</targetPk>
<identifying>false</identifying>
<nameOnSource>sponsoruje</nameOnSource>
<nameOnTarget>sponsorowany przez</nameOnTarget>
<optionalSource>true</optionalSource>
<optionalTarget>false</optionalTarget>
<sourceCardinality>*</sourceCardinality>
<sourceEntity>34C560CD-5EF3-14AC-9348-A7FC82E0C8D4</sourceEntity>
<targetCardinalityString>*</targetCardinalityString>
<targetEntity>DE771BC6-4DA0-E285-DA48-2F4F955E5728</targetEntity>
<transferable>true</transferable>
<deleteRule>NO ACTION</deleteRule>
</Relation>
