<?xml version = '1.0' encoding = 'UTF-8'?>
<Relation class="oracle.dbtools.crest.model.design.logical.Relation" name="Tor_Wyscig" directorySegmentName="seg_0" id="EC9CCCAC-3630-C7C7-2301-3094B06ECA06">
<createdBy>caribou</createdBy>
<createdTime>2022-11-15 14:57:27 UTC</createdTime>
<ownerDesignName>erd-model</ownerDesignName>
<engineerTo>
<item key="E788BBA5-975B-5C7D-00D5-51C3FD4157DC" value="true"/>
</engineerTo>
<sourcePk>9A3B7B8A-278E-E18D-5FAA-CD8AD48A6FDF</sourcePk>
<identifying>false</identifying>
<nameOnSource>na którym organizowano</nameOnSource>
<nameOnTarget>zorganizowany na</nameOnTarget>
<optionalSource>true</optionalSource>
<optionalTarget>false</optionalTarget>
<sourceCardinality>1</sourceCardinality>
<sourceEntity>9D94244B-5696-6CEA-0E44-68ACBBF062B9</sourceEntity>
<targetCardinalityString>*</targetCardinalityString>
<targetEntity>BE07394E-7763-6EFD-923C-E3A77BAD67F6</targetEntity>
<transferable>true</transferable>
<deleteRule>NO ACTION</deleteRule>
</Relation>
