<?xml version = '1.0' encoding = 'UTF-8'?>
<FKArc class="oracle.dbtools.crest.model.design.relational.FKArc" directorySegmentName="seg_0" id="5E9F4EE1-3727-F438-BE35-41D35020D6A0" name="FKArc_1">
<createdBy>adamp</createdBy>
<createdTime>2022-12-11 22:02:05 UTC</createdTime>
<ownerDesignName>relacje</ownerDesignName>
<mandatory>false</mandatory>
<reverseArc>true</reverseArc>
<table>76BE918A-DFF8-3331-F254-85144A51C932</table>
<discriminatorColumn>265FC3C1-A2BD-9930-F560-A33488AD0E34</discriminatorColumn>
<fkeys>
<fkeyID>EF5DB6DD-EFD9-F828-78FC-46A3164EB3FA</fkeyID>
<fkeyID>96000F6A-D09E-5D97-25AC-03DBD8F5953C</fkeyID>
<fkeyID>D0CF4CF4-F4C0-80A4-CA83-094DB0677CAD</fkeyID>
<fkeyID>5E202641-D9E5-B65F-2EE5-4709180810F9</fkeyID>
</fkeys>
</FKArc>
