<?xml version = '1.0' encoding = 'UTF-8'?>
<Relation class="oracle.dbtools.crest.model.design.logical.Relation" name="Samochod_Serwis" directorySegmentName="seg_0" id="4BEFF2D5-1862-5191-C561-EEEE71AFBFB8">
<createdBy>caribou</createdBy>
<createdTime>2022-11-15 14:27:06 UTC</createdTime>
<ownerDesignName>relacje</ownerDesignName>
<engineerTo>
<item key="E788BBA5-975B-5C7D-00D5-51C3FD4157DC" value="true"/>
</engineerTo>
<sourcePk>D37D2C0A-63D3-5BD9-843F-08CDBDB4F6FB</sourcePk>
<identifying>true</identifying>
<nameOnSource>w którym serwisowano</nameOnSource>
<nameOnTarget>serwisowano</nameOnTarget>
<optionalSource>true</optionalSource>
<optionalTarget>false</optionalTarget>
<sourceCardinality>1</sourceCardinality>
<sourceEntity>C715E137-F297-DE03-656C-C1D1B5D8890D</sourceEntity>
<targetCardinalityString>*</targetCardinalityString>
<targetEntity>41F8CA66-1C7B-B73A-96F8-8A10C7082AB6</targetEntity>
<transferable>true</transferable>
<deleteRule>NO ACTION</deleteRule>
</Relation>