<?xml version = '1.0' encoding = 'UTF-8'?>
<Relation class="oracle.dbtools.crest.model.design.logical.Relation" name="Mechanik_serwis" directorySegmentName="seg_0" id="84C30F45-5B79-9F5B-4645-B7F0E1C39DC4">
<createdBy>caribou</createdBy>
<createdTime>2022-11-16 16:34:29 UTC</createdTime>
<ownerDesignName>relacje</ownerDesignName>
<engineerTo>
<item key="E788BBA5-975B-5C7D-00D5-51C3FD4157DC" value="true"/>
</engineerTo>
<identifying>false</identifying>
<nameOnSource>przeprowadzał</nameOnSource>
<nameOnTarget>przeprowadzony przez</nameOnTarget>
<optionalSource>true</optionalSource>
<optionalTarget>false</optionalTarget>
<sourceCardinality>*</sourceCardinality>
<sourceEntity>97B48EE4-E588-7D7D-AC36-9F266FF9DC76</sourceEntity>
<targetCardinalityString>*</targetCardinalityString>
<targetEntity>41F8CA66-1C7B-B73A-96F8-8A10C7082AB6</targetEntity>
<transferable>true</transferable>
<deleteRule>NO ACTION</deleteRule>
</Relation>