<?xml version = '1.0' encoding = 'UTF-8'?>
<Relation class="oracle.dbtools.crest.model.design.logical.Relation" name="Model_Samochod" directorySegmentName="seg_0" id="AF648BF3-201A-6768-AE7F-932BFBB1C76F">
<createdBy>caribou</createdBy>
<createdTime>2022-11-16 16:44:26 UTC</createdTime>
<ownerDesignName>relacje</ownerDesignName>
<engineerTo>
<item key="E788BBA5-975B-5C7D-00D5-51C3FD4157DC" value="true"/>
</engineerTo>
<sourcePk>49B47578-7A74-D203-E7D2-BEAD1BA3DECA</sourcePk>
<identifying>false</identifying>
<nameOnSource>zawiera</nameOnSource>
<nameOnTarget>jest</nameOnTarget>
<optionalSource>true</optionalSource>
<optionalTarget>false</optionalTarget>
<sourceCardinality>1</sourceCardinality>
<sourceEntity>7CFF4A3D-A367-D728-EA3F-52502E30D858</sourceEntity>
<targetCardinalityString>*</targetCardinalityString>
<targetEntity>C715E137-F297-DE03-656C-C1D1B5D8890D</targetEntity>
<transferable>true</transferable>
<deleteRule>NO ACTION</deleteRule>
</Relation>