<?xml version = '1.0' encoding = 'UTF-8'?>
<Relation class="oracle.dbtools.crest.model.design.logical.Relation" name="Zespol_Samochod" directorySegmentName="seg_0" id="B5D75EF3-B317-3501-18F8-A499FC6FA779">
<createdBy>caribou</createdBy>
<createdTime>2022-11-15 15:39:31 UTC</createdTime>
<ownerDesignName>relacje</ownerDesignName>
<engineerTo>
<item key="E788BBA5-975B-5C7D-00D5-51C3FD4157DC" value="true"/>
</engineerTo>
<sourcePk>F436DDE0-FA57-B198-0D45-9E399A770D99</sourcePk>
<identifying>false</identifying>
<nameOnSource>dysponuje</nameOnSource>
<nameOnTarget>należy do</nameOnTarget>
<optionalSource>true</optionalSource>
<optionalTarget>false</optionalTarget>
<sourceCardinality>1</sourceCardinality>
<sourceEntity>DE771BC6-4DA0-E285-DA48-2F4F955E5728</sourceEntity>
<targetCardinalityString>*</targetCardinalityString>
<targetEntity>C715E137-F297-DE03-656C-C1D1B5D8890D</targetEntity>
<transferable>true</transferable>
<deleteRule>NO ACTION</deleteRule>
</Relation>