<?xml version = '1.0' encoding = 'UTF-8'?>
<Relation class="oracle.dbtools.crest.model.design.logical.Relation" name="Kierowca_Wynik" directorySegmentName="seg_0" id="EB73786B-BDF2-434D-E426-A0AE20BED1E4">
<createdBy>caribou</createdBy>
<createdTime>2022-11-15 14:39:18 UTC</createdTime>
<ownerDesignName>relacje</ownerDesignName>
<engineerTo>
<item key="E788BBA5-975B-5C7D-00D5-51C3FD4157DC" value="true"/>
</engineerTo>
<sourcePk>C4294240-4C4F-DFF3-D6D5-E63CEA8A1F54</sourcePk>
<identifying>true</identifying>
<nameOnSource>skończył wyścig z </nameOnSource>
<nameOnTarget>nadany</nameOnTarget>
<optionalSource>true</optionalSource>
<optionalTarget>false</optionalTarget>
<sourceCardinality>1</sourceCardinality>
<sourceEntity>7DC1B1B8-4C81-8375-D963-CCBA17A44460</sourceEntity>
<targetCardinalityString>*</targetCardinalityString>
<targetEntity>E5C71EBA-09BC-A368-958C-BB1BC6F67FCF</targetEntity>
<transferable>true</transferable>
<deleteRule>NO ACTION</deleteRule>
</Relation>