<?xml version = '1.0' encoding = 'UTF-8'?>
<Table class="oracle.dbtools.crest.model.design.relational.Table" directorySegmentName="seg_0" id="2B6FFD20-E5AA-E281-33D1-AF22C3E61499" name="Mechanik_serwis">
<createdBy>caribou</createdBy>
<createdTime>2022-11-30 11:46:48 UTC</createdTime>
<ownerDesignName>erd-model</ownerDesignName>
<allowColumnReorder>false</allowColumnReorder>
<existDependencyGenerateInDDl>true</existDependencyGenerateInDDl>
<parsed>true</parsed>
<columns itemClass="oracle.dbtools.crest.model.design.relational.Column">
<Column name="Mechanik_pesel" id="8DE33951-FABF-D335-6964-0400DE7DAA96">
<createdBy>caribou</createdBy>
<createdTime>2022-11-30 11:46:48 UTC</createdTime>
<ownerDesignName>erd-model</ownerDesignName>
<useDomainConstraints>false</useDomainConstraints>
<use>1</use>
<logicalDatatype>LOGDT024</logicalDatatype>
<ownDataTypeParameters>,,</ownDataTypeParameters>
<previousColumn>false</previousColumn>
<autoIncrementCycle>false</autoIncrementCycle>
<associations>
<colAssociation fkAssociation="101964E3-F99A-ED8C-770E-3F4AACE0E319" referredColumn="5265D6F0-C8DE-B12B-7DB5-B1B37E30D265"/>
</associations>
</Column>
<Column name="Serwis_vin" id="313403DB-DDB2-384D-C543-5E3F8ADD1619">
<createdBy>caribou</createdBy>
<createdTime>2022-11-30 11:46:48 UTC</createdTime>
<ownerDesignName>erd-model</ownerDesignName>
<useDomainConstraints>false</useDomainConstraints>
<use>1</use>
<logicalDatatype>LOGDT024</logicalDatatype>
<ownDataTypeParameters>,,</ownDataTypeParameters>
<previousColumn>false</previousColumn>
<autoIncrementCycle>false</autoIncrementCycle>
<associations>
<colAssociation fkAssociation="77706FC2-93E7-7914-B12B-07CE432610C9" referredColumn="C2D76786-646E-55A7-E320-5A0F3BFF5417"/>
</associations>
</Column>
<Column name="Serwis_data_rozp" id="68CB2AAE-C4F4-5FDD-A96C-FF9BB22844BA">
<createdBy>caribou</createdBy>
<createdTime>2022-11-30 11:46:48 UTC</createdTime>
<ownerDesignName>erd-model</ownerDesignName>
<useDomainConstraints>false</useDomainConstraints>
<use>1</use>
<logicalDatatype>LOGDT008</logicalDatatype>
<ownDataTypeParameters>,,</ownDataTypeParameters>
<previousColumn>false</previousColumn>
<autoIncrementCycle>false</autoIncrementCycle>
<associations>
<colAssociation fkAssociation="77706FC2-93E7-7914-B12B-07CE432610C9" referredColumn="67DC9AB5-C275-9B74-CAAA-2401F313CAB3"/>
</associations>
</Column>
</columns>
<indexes itemClass="oracle.dbtools.crest.model.design.relational.Index">
<ind_PK_UK id="C99979C2-196C-E491-D113-F5A74AB1828D" name="Mechanik_serwis_PK">
<createdBy>caribou</createdBy>
<createdTime>2022-11-30 11:46:48 UTC</createdTime>
<ownerDesignName>erd-model</ownerDesignName>
<pk>true</pk>
<indexState>Primary Constraint</indexState>
<isSurrogateKey>false</isSurrogateKey>
<indexColumnUsage>
<colUsage columnID="8DE33951-FABF-D335-6964-0400DE7DAA96"/>
<colUsage columnID="313403DB-DDB2-384D-C543-5E3F8ADD1619"/>
<colUsage columnID="68CB2AAE-C4F4-5FDD-A96C-FF9BB22844BA"/>
</indexColumnUsage>
</ind_PK_UK>
<ind_PK_UK id="6CA36F77-3B6E-64B4-D8F4-342B88E09F0D" name="Mechanik_serwis_Mechanik_FK">
<createdBy>caribou</createdBy>
<createdTime>2022-11-30 11:46:48 UTC</createdTime>
<generatorID>84C30F45-5B79-9F5B-4645-B7F0E1C39DC4</generatorID>
<ownerDesignName>erd-model</ownerDesignName>
<indexState>Foreign Key</indexState>
<isSurrogateKey>false</isSurrogateKey>
<indexColumnUsage>
<colUsage columnID="8DE33951-FABF-D335-6964-0400DE7DAA96"/>
</indexColumnUsage>
</ind_PK_UK>
<ind_PK_UK id="B48C15B9-ECDF-6E80-BFE7-DCBF1FA56645" name="Mechanik_serwis_Serwis_FK">
<createdBy>caribou</createdBy>
<createdTime>2022-11-30 11:46:48 UTC</createdTime>
<generatorID>84C30F45-5B79-9F5B-4645-B7F0E1C39DC4</generatorID>
<ownerDesignName>erd-model</ownerDesignName>
<indexState>Foreign Key</indexState>
<isSurrogateKey>false</isSurrogateKey>
<indexColumnUsage>
<colUsage columnID="313403DB-DDB2-384D-C543-5E3F8ADD1619"/>
<colUsage columnID="68CB2AAE-C4F4-5FDD-A96C-FF9BB22844BA"/>
</indexColumnUsage>
</ind_PK_UK>
</indexes>
</Table>
