<?xml version = '1.0' encoding = 'UTF-8'?>
<Table class="oracle.dbtools.crest.model.design.relational.Table" directorySegmentName="seg_0" id="390B8392-1AB4-4C38-98E6-0CDB662D6CC0" name="Zespoly">
<createdBy>caribou</createdBy>
<createdTime>2022-11-30 11:46:48 UTC</createdTime>
<generatorID>DE771BC6-4DA0-E285-DA48-2F4F955E5728</generatorID>
<ownerDesignName>erd-model</ownerDesignName>
<allowColumnReorder>false</allowColumnReorder>
<existDependencyGenerateInDDl>true</existDependencyGenerateInDDl>
<parsed>true</parsed>
<columns itemClass="oracle.dbtools.crest.model.design.relational.Column">
<Column name="nazwa_zesp" id="6C16978C-2B4B-8517-D4C8-5B0E0A5D0D76">
<createdBy>caribou</createdBy>
<createdTime>2022-11-30 11:46:48 UTC</createdTime>
<generatorID>7AF6D9FA-74A0-23C2-EC79-3B147A50B873</generatorID>
<ownerDesignName>erd-model</ownerDesignName>
<useDomainConstraints>false</useDomainConstraints>
<use>1</use>
<logicalDatatype>LOGDT024</logicalDatatype>
<dataTypeSize>64</dataTypeSize>
<ownDataTypeParameters>64,,</ownDataTypeParameters>
<autoIncrementCycle>false</autoIncrementCycle>
</Column>
<Column name="kraj_zesp" id="76035F2D-D868-D2B5-DA46-A5B645A5976E">
<createdBy>caribou</createdBy>
<createdTime>2022-11-30 11:46:48 UTC</createdTime>
<generatorID>EF75BF79-CC99-E7FF-2E98-17CECD6A22CE</generatorID>
<ownerDesignName>erd-model</ownerDesignName>
<useDomainConstraints>false</useDomainConstraints>
<use>1</use>
<logicalDatatype>LOGDT024</logicalDatatype>
<dataTypeSize>64</dataTypeSize>
<ownDataTypeParameters>64,,</ownDataTypeParameters>
<autoIncrementCycle>false</autoIncrementCycle>
</Column>
<Column name="repr_marka" id="D50B738E-D34F-3C44-8181-C22CC7C9B848">
<createdBy>caribou</createdBy>
<createdTime>2022-11-30 11:46:48 UTC</createdTime>
<generatorID>BDC56805-1C15-63A4-7CF6-4F68B23B2C50</generatorID>
<ownerDesignName>erd-model</ownerDesignName>
<useDomainConstraints>false</useDomainConstraints>
<use>1</use>
<logicalDatatype>LOGDT024</logicalDatatype>
<dataTypeSize>64</dataTypeSize>
<ownDataTypeParameters>64,,</ownDataTypeParameters>
<autoIncrementCycle>false</autoIncrementCycle>
</Column>
</columns>
<indexes itemClass="oracle.dbtools.crest.model.design.relational.Index">
<ind_PK_UK id="5EFB94CC-2B21-AECA-4CED-3DDF07143705" name="Zespoly_PK">
<createdBy>caribou</createdBy>
<createdTime>2022-11-30 11:46:48 UTC</createdTime>
<generatorID>F436DDE0-FA57-B198-0D45-9E399A770D99</generatorID>
<ownerDesignName>erd-model</ownerDesignName>
<pk>true</pk>
<indexState>Primary Constraint</indexState>
<isSurrogateKey>false</isSurrogateKey>
<indexColumnUsage>
<colUsage columnID="6C16978C-2B4B-8517-D4C8-5B0E0A5D0D76"/>
</indexColumnUsage>
</ind_PK_UK>
</indexes>
</Table>
