<?xml version = '1.0' encoding = 'UTF-8'?>
<Table class="oracle.dbtools.crest.model.design.relational.Table" directorySegmentName="seg_0" id="4937F5BF-3DF1-F5F6-867B-5965A3728903" name="Sponsorzy">
<createdBy>caribou</createdBy>
<createdTime>2022-11-30 11:46:48 UTC</createdTime>
<generatorID>34C560CD-5EF3-14AC-9348-A7FC82E0C8D4</generatorID>
<ownerDesignName>erd-model</ownerDesignName>
<allowColumnReorder>false</allowColumnReorder>
<existDependencyGenerateInDDl>true</existDependencyGenerateInDDl>
<parsed>true</parsed>
<columns itemClass="oracle.dbtools.crest.model.design.relational.Column">
<Column name="lei" id="700063BB-B01D-AE4C-F0AB-87EA6073C8ED">
<createdBy>caribou</createdBy>
<createdTime>2022-11-30 11:46:48 UTC</createdTime>
<generatorID>F58A9BA3-16E0-19E9-5F6E-2FE3534F9FE3</generatorID>
<ownerDesignName>erd-model</ownerDesignName>
<useDomainConstraints>false</useDomainConstraints>
<use>1</use>
<logicalDatatype>LOGDT024</logicalDatatype>
<dataTypeSize>20</dataTypeSize>
<ownDataTypeParameters>20,,</ownDataTypeParameters>
<autoIncrementCycle>false</autoIncrementCycle>
</Column>
<Column name="nazwa_spon" id="44032073-D55F-04D6-FE5A-DDE4EEE3EF9E">
<createdBy>caribou</createdBy>
<createdTime>2022-11-30 11:46:48 UTC</createdTime>
<generatorID>09DE33DB-5EF7-35B7-6A35-2B97B9266C3E</generatorID>
<ownerDesignName>erd-model</ownerDesignName>
<useDomainConstraints>false</useDomainConstraints>
<use>1</use>
<logicalDatatype>LOGDT024</logicalDatatype>
<dataTypeSize>32</dataTypeSize>
<ownDataTypeParameters>32,,</ownDataTypeParameters>
<autoIncrementCycle>false</autoIncrementCycle>
</Column>
<Column name="kraj_spon" id="B542877A-9867-641C-A7A9-3ABBEA326A7B">
<createdBy>caribou</createdBy>
<createdTime>2022-11-30 11:46:48 UTC</createdTime>
<generatorID>5C263E62-1BAF-30AC-3522-06408AFA5783</generatorID>
<ownerDesignName>erd-model</ownerDesignName>
<useDomainConstraints>false</useDomainConstraints>
<use>1</use>
<logicalDatatype>LOGDT024</logicalDatatype>
<dataTypeSize>32</dataTypeSize>
<ownDataTypeParameters>32,,</ownDataTypeParameters>
<autoIncrementCycle>false</autoIncrementCycle>
</Column>
<Column name="kapital" id="C0647FCC-C722-AB30-CD82-2EA7479577C6">
<createdBy>caribou</createdBy>
<createdTime>2022-11-30 11:46:48 UTC</createdTime>
<generatorID>F6E6B0AA-14D3-0E74-228D-19C79499958E</generatorID>
<ownerDesignName>erd-model</ownerDesignName>
<useDomainConstraints>false</useDomainConstraints>
<use>1</use>
<logicalDatatype>LOGDT019</logicalDatatype>
<ownDataTypeParameters>,,</ownDataTypeParameters>
<autoIncrementCycle>false</autoIncrementCycle>
</Column>
</columns>
<indexes itemClass="oracle.dbtools.crest.model.design.relational.Index">
<ind_PK_UK id="77ECA7D3-E09A-0ED3-3630-C10F46720C5D" name="Sponsorzy_PK">
<createdBy>caribou</createdBy>
<createdTime>2022-11-30 11:46:48 UTC</createdTime>
<generatorID>5BBA8BB6-FE7F-857C-294A-D4E6EBE9A526</generatorID>
<ownerDesignName>erd-model</ownerDesignName>
<pk>true</pk>
<indexState>Primary Constraint</indexState>
<isSurrogateKey>false</isSurrogateKey>
<indexColumnUsage>
<colUsage columnID="700063BB-B01D-AE4C-F0AB-87EA6073C8ED"/>
</indexColumnUsage>
</ind_PK_UK>
</indexes>
</Table>
