<?xml version = '1.0' encoding = 'UTF-8'?>
<Table class="oracle.dbtools.crest.model.design.relational.Table" directorySegmentName="seg_0" id="4CEEC20B-F07D-3289-1A52-4DF66A43BD44" name="Trener">
<createdBy>caribou</createdBy>
<createdTime>2022-11-30 11:46:48 UTC</createdTime>
<generatorID>ED696233-8D13-D309-D156-B43C2BA446CD</generatorID>
<ownerDesignName>erd-model</ownerDesignName>
<allowColumnReorder>false</allowColumnReorder>
<existDependencyGenerateInDDl>true</existDependencyGenerateInDDl>
<parsed>true</parsed>
<columns itemClass="oracle.dbtools.crest.model.design.relational.Column">
<Column name="pesel" id="F78B6D97-CE7C-EA1E-DF88-6D280A8EFD36">
<createdBy>caribou</createdBy>
<createdTime>2022-11-30 11:46:48 UTC</createdTime>
<generatorID>1D5E884A-56EB-C794-B7DD-A147A172F117</generatorID>
<ownerDesignName>erd-model</ownerDesignName>
<useDomainConstraints>false</useDomainConstraints>
<use>1</use>
<logicalDatatype>LOGDT024</logicalDatatype>
<ownDataTypeParameters>,,</ownDataTypeParameters>
<autoIncrementCycle>false</autoIncrementCycle>
</Column>
<Column name="dosw_od" id="CCFF691C-5EC4-8280-08C8-DB59D0F28EBB">
<createdBy>caribou</createdBy>
<createdTime>2022-11-30 11:46:48 UTC</createdTime>
<generatorID>BE778E6A-0385-484D-1DCD-F1F275E6B9EF</generatorID>
<ownerDesignName>erd-model</ownerDesignName>
<useDomainConstraints>false</useDomainConstraints>
<use>1</use>
<logicalDatatype>LOGDT007</logicalDatatype>
<ownDataTypeParameters>,,</ownDataTypeParameters>
<autoIncrementCycle>false</autoIncrementCycle>
</Column>
<Column name="nazwisko" id="C4FDBD64-7E79-18CB-B6DA-26064CA82196">
<createdBy>caribou</createdBy>
<createdTime>2022-11-30 12:04:09 UTC</createdTime>
<generatorID>3611C772-76EA-BBE7-E124-F9BDEB5F6D47</generatorID>
<ownerDesignName>erd-model</ownerDesignName>
<useDomainConstraints>false</useDomainConstraints>
<use>1</use>
<logicalDatatype>LOGDT024</logicalDatatype>
<dataTypeSize>64</dataTypeSize>
<ownDataTypeParameters>64,,</ownDataTypeParameters>
<autoIncrementCycle>false</autoIncrementCycle>
</Column>
<Column name="placa" id="9BBD2D4F-7CA5-ECCD-F7F1-750C9E29083C">
<createdBy>caribou</createdBy>
<createdTime>2022-11-30 12:04:09 UTC</createdTime>
<generatorID>8EEF536E-0965-EED8-F721-27C24598B965</generatorID>
<ownerDesignName>erd-model</ownerDesignName>
<nullsAllowed>true</nullsAllowed>
<useDomainConstraints>false</useDomainConstraints>
<use>1</use>
<logicalDatatype>LOGDT019</logicalDatatype>
<ownDataTypeParameters>,,</ownDataTypeParameters>
<autoIncrementCycle>false</autoIncrementCycle>
</Column>
<Column name="Zespoly_nazwa_zesp" id="2E92AFB8-4DB3-9D19-5758-16E976B5BC20">
<createdBy>caribou</createdBy>
<createdTime>2022-11-30 12:04:09 UTC</createdTime>
<generatorID>5F45D506-F9FF-7A5F-667A-B0789E6654A5</generatorID>
<ownerDesignName>erd-model</ownerDesignName>
<useDomainConstraints>false</useDomainConstraints>
<use>1</use>
<logicalDatatype>LOGDT024</logicalDatatype>
<dataTypeSize>64</dataTypeSize>
<ownDataTypeParameters>,,</ownDataTypeParameters>
<previousColumn>false</previousColumn>
<autoIncrementCycle>false</autoIncrementCycle>
<associations>
<colAssociation fkAssociation="7508BB8D-880B-A440-A07A-BF7FDA5F2EF6" referredColumn="6C16978C-2B4B-8517-D4C8-5B0E0A5D0D76"/>
</associations>
</Column>
</columns>
<indexes itemClass="oracle.dbtools.crest.model.design.relational.Index">
<ind_PK_UK id="6A2D53F0-006E-9D02-8141-28E403248522" name="Trener_PK">
<createdBy>caribou</createdBy>
<createdTime>2022-11-30 11:46:48 UTC</createdTime>
<generatorID>C4294240-4C4F-DFF3-D6D5-E63CEA8A1F54</generatorID>
<ownerDesignName>erd-model</ownerDesignName>
<pk>true</pk>
<indexState>Primary Constraint</indexState>
<isSurrogateKey>false</isSurrogateKey>
<indexColumnUsage>
<colUsage columnID="F78B6D97-CE7C-EA1E-DF88-6D280A8EFD36"/>
</indexColumnUsage>
</ind_PK_UK>
<ind_PK_UK id="CDED9BC6-5C50-6A33-B8F9-F6175BC7A688" name="Trener_Zespoly_FK">
<createdBy>caribou</createdBy>
<createdTime>2022-11-30 12:04:09 UTC</createdTime>
<generatorID>CE885F31-C3FF-28A3-7C8F-989F49107643</generatorID>
<ownerDesignName>erd-model</ownerDesignName>
<indexState>Foreign Key</indexState>
<isSurrogateKey>false</isSurrogateKey>
<indexColumnUsage>
<colUsage columnID="2E92AFB8-4DB3-9D19-5758-16E976B5BC20"/>
</indexColumnUsage>
</ind_PK_UK>
</indexes>
</Table>
