<?xml version = '1.0' encoding = 'UTF-8'?>
<Table class="oracle.dbtools.crest.model.design.relational.Table" directorySegmentName="seg_0" id="AB85F638-91EA-3E53-2216-03D3BA09D433" name="Samochody">
<createdBy>caribou</createdBy>
<createdTime>2022-11-30 11:46:48 UTC</createdTime>
<generatorID>C715E137-F297-DE03-656C-C1D1B5D8890D</generatorID>
<ownerDesignName>erd-model</ownerDesignName>
<allowColumnReorder>false</allowColumnReorder>
<existDependencyGenerateInDDl>true</existDependencyGenerateInDDl>
<parsed>true</parsed>
<columns itemClass="oracle.dbtools.crest.model.design.relational.Column">
<Column name="Samochody_ID" id="276E9EBA-AAE0-81BB-9723-E8AD73002DC7">
<createdBy>caribou</createdBy>
<createdTime>2022-11-30 11:46:48 UTC</createdTime>
<ownerDesignName>erd-model</ownerDesignName>
<useDomainConstraints>false</useDomainConstraints>
<use>1</use>
<logicalDatatype>LOGDT019</logicalDatatype>
<ownDataTypeParameters>,,</ownDataTypeParameters>
<autoIncrementColumn>true</autoIncrementColumn>
<identityColumn>true</identityColumn>
<autoIncrementCycle>false</autoIncrementCycle>
<isSurrogateColumn>true</isSurrogateColumn>
</Column>
<Column name="vin" id="FAABCB23-BA9A-5F7F-F0FC-64FFE16F3181">
<createdBy>caribou</createdBy>
<createdTime>2022-11-30 11:46:48 UTC</createdTime>
<generatorID>A3500D65-A00E-0AAA-D567-4CA0419396CC</generatorID>
<ownerDesignName>erd-model</ownerDesignName>
<useDomainConstraints>false</useDomainConstraints>
<use>1</use>
<logicalDatatype>LOGDT024</logicalDatatype>
<dataTypeSize>17</dataTypeSize>
<ownDataTypeParameters>17,,</ownDataTypeParameters>
<autoIncrementCycle>false</autoIncrementCycle>
</Column>
<Column name="Model_nazwa_mod" id="F02A20D6-6BD6-82E5-10A7-734930E916D3">
<createdBy>caribou</createdBy>
<createdTime>2022-11-30 11:46:48 UTC</createdTime>
<generatorID>D11E7E7E-8858-BC85-C96D-7BE1F2E1C58F</generatorID>
<ownerDesignName>erd-model</ownerDesignName>
<useDomainConstraints>false</useDomainConstraints>
<use>1</use>
<logicalDatatype>LOGDT024</logicalDatatype>
<dataTypeSize>64</dataTypeSize>
<ownDataTypeParameters>,,</ownDataTypeParameters>
<previousColumn>false</previousColumn>
<autoIncrementCycle>false</autoIncrementCycle>
<associations>
<colAssociation fkAssociation="5DA29558-31DD-2669-317A-4C2BF68D62BE" referredColumn="282200CB-18A8-B3D6-90C1-850CC3B8CF42"/>
</associations>
</Column>
<Column name="Model_marka_mod" id="7779977D-7E33-F1A0-3D07-06972E323D62">
<createdBy>caribou</createdBy>
<createdTime>2022-11-30 11:46:48 UTC</createdTime>
<generatorID>DDA6CD56-4336-CA6D-C4A4-7CF7F53A8D25</generatorID>
<ownerDesignName>erd-model</ownerDesignName>
<useDomainConstraints>false</useDomainConstraints>
<use>1</use>
<logicalDatatype>LOGDT024</logicalDatatype>
<ownDataTypeParameters>,,</ownDataTypeParameters>
<previousColumn>false</previousColumn>
<autoIncrementCycle>false</autoIncrementCycle>
<associations>
<colAssociation fkAssociation="5DA29558-31DD-2669-317A-4C2BF68D62BE" referredColumn="F46A0FF1-7996-9B45-B9B1-C67CE7DBD485"/>
</associations>
</Column>
<Column name="Zespoly_nazwa_zesp" id="83368D84-0914-5C71-5CCF-48D8C43DF719">
<createdBy>caribou</createdBy>
<createdTime>2022-11-30 11:46:48 UTC</createdTime>
<generatorID>2490DDFE-24A5-BA91-A005-A70015D65CCB</generatorID>
<ownerDesignName>erd-model</ownerDesignName>
<useDomainConstraints>false</useDomainConstraints>
<use>1</use>
<logicalDatatype>LOGDT024</logicalDatatype>
<dataTypeSize>64</dataTypeSize>
<ownDataTypeParameters>,,</ownDataTypeParameters>
<previousColumn>false</previousColumn>
<autoIncrementCycle>false</autoIncrementCycle>
<associations>
<colAssociation fkAssociation="6BC4FF10-73BB-6287-8B40-67EA6E1E7299" referredColumn="6C16978C-2B4B-8517-D4C8-5B0E0A5D0D76"/>
</associations>
</Column>
<Column name="moc" id="564977FC-51EB-64F6-3072-8144664DEFDC">
<createdBy>caribou</createdBy>
<createdTime>2022-11-30 11:46:48 UTC</createdTime>
<generatorID>71593B5A-C913-C720-E6B9-4E3F64752BB1</generatorID>
<ownerDesignName>erd-model</ownerDesignName>
<useDomainConstraints>false</useDomainConstraints>
<use>1</use>
<logicalDatatype>LOGDT019</logicalDatatype>
<ownDataTypeParameters>,,</ownDataTypeParameters>
<autoIncrementCycle>false</autoIncrementCycle>
</Column>
<Column name="masa" id="26AE7AD3-8D6D-5646-726C-F9C63959145D">
<createdBy>caribou</createdBy>
<createdTime>2022-11-30 11:46:48 UTC</createdTime>
<generatorID>82822CF2-86A1-5C0D-9651-EE8E146A4662</generatorID>
<ownerDesignName>erd-model</ownerDesignName>
<useDomainConstraints>false</useDomainConstraints>
<use>1</use>
<logicalDatatype>LOGDT019</logicalDatatype>
<ownDataTypeParameters>,,</ownDataTypeParameters>
<autoIncrementCycle>false</autoIncrementCycle>
</Column>
<Column name="rok_prod" id="60AC0607-B7A9-EB0D-DEDB-AAAAF7C86E90">
<createdBy>caribou</createdBy>
<createdTime>2022-11-30 11:46:48 UTC</createdTime>
<generatorID>B6C35D41-49CC-B19B-8E20-818B4C07776D</generatorID>
<ownerDesignName>erd-model</ownerDesignName>
<nullsAllowed>true</nullsAllowed>
<useDomainConstraints>false</useDomainConstraints>
<use>1</use>
<logicalDatatype>LOGDT007</logicalDatatype>
<ownDataTypeParameters>,,</ownDataTypeParameters>
<autoIncrementCycle>false</autoIncrementCycle>
</Column>
</columns>
<indexes itemClass="oracle.dbtools.crest.model.design.relational.Index">
<ind_PK_UK id="B85471FF-B16D-A3EB-EBFE-5723D352E2DE" name="Samochody_PK">
<createdBy>caribou</createdBy>
<createdTime>2022-11-30 11:46:48 UTC</createdTime>
<ownerDesignName>erd-model</ownerDesignName>
<pk>true</pk>
<indexState>Primary Constraint</indexState>
<indexColumnUsage>
<colUsage columnID="276E9EBA-AAE0-81BB-9723-E8AD73002DC7"/>
</indexColumnUsage>
</ind_PK_UK>
<ind_PK_UK id="3CFAAF6B-6637-135A-B36E-C90AC0B1A227" name="Samochody_vin_UN">
<createdBy>caribou</createdBy>
<createdTime>2022-11-30 11:46:48 UTC</createdTime>
<generatorID>D37D2C0A-63D3-5BD9-843F-08CDBDB4F6FB</generatorID>
<ownerDesignName>erd-model</ownerDesignName>
<indexState>Unique Constraint</indexState>
<isSurrogateKey>false</isSurrogateKey>
<indexColumnUsage>
<colUsage columnID="FAABCB23-BA9A-5F7F-F0FC-64FFE16F3181"/>
</indexColumnUsage>
</ind_PK_UK>
<ind_PK_UK id="492A0D23-0E93-06E9-041B-E5310B21A63C" name="Samochody_Model_FK">
<createdBy>caribou</createdBy>
<createdTime>2022-11-30 11:46:48 UTC</createdTime>
<generatorID>AF648BF3-201A-6768-AE7F-932BFBB1C76F</generatorID>
<ownerDesignName>erd-model</ownerDesignName>
<indexState>Foreign Key</indexState>
<isSurrogateKey>false</isSurrogateKey>
<indexColumnUsage>
<colUsage columnID="F02A20D6-6BD6-82E5-10A7-734930E916D3"/>
<colUsage columnID="7779977D-7E33-F1A0-3D07-06972E323D62"/>
</indexColumnUsage>
</ind_PK_UK>
<ind_PK_UK id="34989FBA-0E9E-3AAA-74BE-381D49C37740" name="Samochody_Zespoly_FK">
<createdBy>caribou</createdBy>
<createdTime>2022-11-30 11:46:48 UTC</createdTime>
<generatorID>B5D75EF3-B317-3501-18F8-A499FC6FA779</generatorID>
<ownerDesignName>erd-model</ownerDesignName>
<indexState>Foreign Key</indexState>
<isSurrogateKey>false</isSurrogateKey>
<indexColumnUsage>
<colUsage columnID="83368D84-0914-5C71-5CCF-48D8C43DF719"/>
</indexColumnUsage>
</ind_PK_UK>
</indexes>
</Table>
