<?xml version = '1.0' encoding = 'UTF-8'?>
<Table class="oracle.dbtools.crest.model.design.relational.Table" directorySegmentName="seg_0" id="B760CCAB-DC9D-8344-3D83-365016F15195" name="Rekordy">
<createdBy>caribou</createdBy>
<createdTime>2022-11-30 11:46:48 UTC</createdTime>
<generatorID>3BBC7E40-6DB7-7764-7851-7D6E66081856</generatorID>
<ownerDesignName>erd-model</ownerDesignName>
<allowColumnReorder>false</allowColumnReorder>
<existDependencyGenerateInDDl>true</existDependencyGenerateInDDl>
<parsed>true</parsed>
<columns itemClass="oracle.dbtools.crest.model.design.relational.Column">
<Column name="pesel" id="3D361D6D-5ADD-A3DD-9A33-E8073386628A">
<createdBy>caribou</createdBy>
<createdTime>2022-11-30 11:46:48 UTC</createdTime>
<generatorID>3499B67C-7654-0A34-64E0-47CA4C376C66</generatorID>
<ownerDesignName>erd-model</ownerDesignName>
<useDomainConstraints>false</useDomainConstraints>
<use>1</use>
<logicalDatatype>LOGDT024</logicalDatatype>
<dataTypeSize>11</dataTypeSize>
<ownDataTypeParameters>11,,</ownDataTypeParameters>
<previousColumn>false</previousColumn>
<autoIncrementCycle>false</autoIncrementCycle>
</Column>
<Column name="czas" id="3E33DECE-07C6-6EA2-FF2B-81E21D21C6FF">
<createdBy>caribou</createdBy>
<createdTime>2022-11-30 11:46:48 UTC</createdTime>
<generatorID>1819BC35-1EEA-EBF7-E581-D38284F6651D</generatorID>
<ownerDesignName>erd-model</ownerDesignName>
<useDomainConstraints>false</useDomainConstraints>
<use>1</use>
<logicalDatatype>LOGDT014</logicalDatatype>
<ownDataTypeParameters>,,</ownDataTypeParameters>
<autoIncrementCycle>false</autoIncrementCycle>
</Column>
<Column name="Wyscigi_nazwa_wys" id="5A3E9D3B-524D-50CB-23B9-D434948128A9">
<createdBy>caribou</createdBy>
<createdTime>2022-11-30 11:46:48 UTC</createdTime>
<generatorID>7EC2C0AC-1968-DA4F-785D-3007EA4532B9</generatorID>
<ownerDesignName>erd-model</ownerDesignName>
<useDomainConstraints>false</useDomainConstraints>
<use>1</use>
<logicalDatatype>LOGDT024</logicalDatatype>
<dataTypeSize>64</dataTypeSize>
<ownDataTypeParameters>,,</ownDataTypeParameters>
<previousColumn>false</previousColumn>
<autoIncrementCycle>false</autoIncrementCycle>
<associations>
<colAssociation fkAssociation="105F3D0E-A886-A3D1-338D-7AA4E42CE0DD" referredColumn="8B4F5561-25AC-0628-9B55-F053513B80F3"/>
</associations>
</Column>
<Column name="numer_okr" id="9F2A76A8-648E-55C2-6442-9C1D9460868D">
<createdBy>caribou</createdBy>
<createdTime>2022-11-30 11:46:48 UTC</createdTime>
<generatorID>D62A8DB6-B9A9-8714-9AFF-8F270417055B</generatorID>
<ownerDesignName>erd-model</ownerDesignName>
<nullsAllowed>true</nullsAllowed>
<useDomainConstraints>false</useDomainConstraints>
<use>1</use>
<logicalDatatype>LOGDT019</logicalDatatype>
<ownDataTypeParameters>,,</ownDataTypeParameters>
<autoIncrementCycle>false</autoIncrementCycle>
</Column>
<Column name="Kierowcy_Kierowcy_ID" id="9C691151-9733-9D92-0E0E-8F3DE93334ED">
<createdBy>caribou</createdBy>
<createdTime>2022-11-30 11:46:48 UTC</createdTime>
<ownerDesignName>erd-model</ownerDesignName>
<useDomainConstraints>false</useDomainConstraints>
<use>1</use>
<logicalDatatype>LOGDT019</logicalDatatype>
<ownDataTypeParameters>,,</ownDataTypeParameters>
<previousColumn>false</previousColumn>
<autoIncrementCycle>false</autoIncrementCycle>
<associations>
<colAssociation fkAssociation="B094E1E4-80AF-B8C3-B098-5637F7B567BD" referredColumn="A7324DAA-D0AF-D762-2FDC-DACC7FE23362"/>
</associations>
</Column>
</columns>
<indexes itemClass="oracle.dbtools.crest.model.design.relational.Index">
<ind_PK_UK id="01368400-2790-7879-B4B1-70027CF2D056" name="Rekordy_PK">
<createdBy>caribou</createdBy>
<createdTime>2022-11-30 11:46:48 UTC</createdTime>
<generatorID>B63DB95C-D7C1-C808-808D-F859B653FF6F</generatorID>
<ownerDesignName>erd-model</ownerDesignName>
<pk>true</pk>
<indexState>Primary Constraint</indexState>
<isSurrogateKey>false</isSurrogateKey>
<indexColumnUsage>
<colUsage columnID="3D361D6D-5ADD-A3DD-9A33-E8073386628A"/>
<colUsage columnID="5A3E9D3B-524D-50CB-23B9-D434948128A9"/>
</indexColumnUsage>
</ind_PK_UK>
<ind_PK_UK id="8780B311-5C91-7BCB-7051-CFAF68FE4D93" name="Rekordy__IDX">
<createdBy>caribou</createdBy>
<createdTime>2022-11-30 11:46:48 UTC</createdTime>
<ownerDesignName>erd-model</ownerDesignName>
<indexState>Unique Plain Index</indexState>
<isSurrogateKey>false</isSurrogateKey>
<relationGeneratorID>4E8C3859-837C-6F41-3B66-84EB1800AF86</relationGeneratorID>
<indexColumnUsage>
<colUsage columnID="5A3E9D3B-524D-50CB-23B9-D434948128A9"/>
</indexColumnUsage>
</ind_PK_UK>
<ind_PK_UK id="419A59F6-E737-8A7E-5742-165EEC4025AE" name="Rekordy_Kierowcy_FK">
<createdBy>caribou</createdBy>
<createdTime>2022-11-30 11:46:48 UTC</createdTime>
<generatorID>D7075438-BF90-0DEB-7517-D6B798F98BB0</generatorID>
<ownerDesignName>erd-model</ownerDesignName>
<indexState>Foreign Key</indexState>
<isSurrogateKey>false</isSurrogateKey>
<indexColumnUsage>
<colUsage columnID="9C691151-9733-9D92-0E0E-8F3DE93334ED"/>
</indexColumnUsage>
</ind_PK_UK>
<ind_PK_UK id="13F6DA11-3456-6E7F-CB99-2BF11BA827FE" name="Rekordy_Wyscigi_FK">
<createdBy>caribou</createdBy>
<createdTime>2022-11-30 11:46:48 UTC</createdTime>
<generatorID>4E8C3859-837C-6F41-3B66-84EB1800AF86</generatorID>
<ownerDesignName>erd-model</ownerDesignName>
<indexState>Foreign Key</indexState>
<isSurrogateKey>false</isSurrogateKey>
<indexColumnUsage>
<colUsage columnID="5A3E9D3B-524D-50CB-23B9-D434948128A9"/>
</indexColumnUsage>
</ind_PK_UK>
</indexes>
</Table>
