<?xml version = '1.0' encoding = 'UTF-8'?>
<Table class="oracle.dbtools.crest.model.design.relational.Table" directorySegmentName="seg_0" id="CF0746B9-CCFF-6ED7-DB75-43502318DD1E" name="Inzynier">
<createdBy>caribou</createdBy>
<createdTime>2022-11-30 11:46:48 UTC</createdTime>
<generatorID>AC588741-08AF-0043-D517-1B2AD01C2985</generatorID>
<ownerDesignName>erd-model</ownerDesignName>
<allowColumnReorder>false</allowColumnReorder>
<existDependencyGenerateInDDl>true</existDependencyGenerateInDDl>
<parsed>true</parsed>
<columns itemClass="oracle.dbtools.crest.model.design.relational.Column">
<Column name="pesel" id="F695F9DD-C7CD-9169-E1FD-F0E8F0B19056">
<createdBy>caribou</createdBy>
<createdTime>2022-11-30 11:46:48 UTC</createdTime>
<generatorID>1D5E884A-56EB-C794-B7DD-A147A172F117</generatorID>
<ownerDesignName>erd-model</ownerDesignName>
<useDomainConstraints>false</useDomainConstraints>
<use>1</use>
<logicalDatatype>LOGDT024</logicalDatatype>
<ownDataTypeParameters>,,</ownDataTypeParameters>
<autoIncrementCycle>false</autoIncrementCycle>
</Column>
<Column name="nazwa_uczel" id="FEC25960-83EF-9A1B-000F-FF0936C2B38A">
<createdBy>caribou</createdBy>
<createdTime>2022-11-30 11:46:48 UTC</createdTime>
<generatorID>C1C96780-FBFE-4557-47CB-B6B4BB8FCE05</generatorID>
<ownerDesignName>erd-model</ownerDesignName>
<useDomainConstraints>false</useDomainConstraints>
<use>1</use>
<logicalDatatype>LOGDT024</logicalDatatype>
<dataTypeSize>64</dataTypeSize>
<ownDataTypeParameters>64,,</ownDataTypeParameters>
<autoIncrementCycle>false</autoIncrementCycle>
</Column>
<Column name="spec" id="3B05ADD9-20CB-769C-DBCF-9264FC684E3B">
<createdBy>caribou</createdBy>
<createdTime>2022-11-30 11:46:48 UTC</createdTime>
<generatorID>4DF5A095-FD14-EAC1-F636-EEDFC974B842</generatorID>
<ownerDesignName>erd-model</ownerDesignName>
<useDomainConstraints>false</useDomainConstraints>
<use>1</use>
<logicalDatatype>LOGDT024</logicalDatatype>
<dataTypeSize>64</dataTypeSize>
<ownDataTypeParameters>64,,</ownDataTypeParameters>
<autoIncrementCycle>false</autoIncrementCycle>
</Column>
<Column name="nazwisko" id="1C8ECFC9-A63D-3177-2430-8B80864E7570">
<createdBy>caribou</createdBy>
<createdTime>2022-11-30 12:04:09 UTC</createdTime>
<generatorID>3611C772-76EA-BBE7-E124-F9BDEB5F6D47</generatorID>
<ownerDesignName>erd-model</ownerDesignName>
<useDomainConstraints>false</useDomainConstraints>
<use>1</use>
<logicalDatatype>LOGDT024</logicalDatatype>
<dataTypeSize>64</dataTypeSize>
<ownDataTypeParameters>64,,</ownDataTypeParameters>
<autoIncrementCycle>false</autoIncrementCycle>
</Column>
<Column name="placa" id="8731F459-77FE-82D8-B8E3-31FC137C4B81">
<createdBy>caribou</createdBy>
<createdTime>2022-11-30 12:04:09 UTC</createdTime>
<generatorID>8EEF536E-0965-EED8-F721-27C24598B965</generatorID>
<ownerDesignName>erd-model</ownerDesignName>
<nullsAllowed>true</nullsAllowed>
<useDomainConstraints>false</useDomainConstraints>
<use>1</use>
<logicalDatatype>LOGDT019</logicalDatatype>
<ownDataTypeParameters>,,</ownDataTypeParameters>
<autoIncrementCycle>false</autoIncrementCycle>
</Column>
<Column name="Zespoly_nazwa_zesp" id="4C00A9A7-08BE-45C6-38E1-DDA5429CD7C3">
<createdBy>caribou</createdBy>
<createdTime>2022-11-30 12:04:09 UTC</createdTime>
<generatorID>5F45D506-F9FF-7A5F-667A-B0789E6654A5</generatorID>
<ownerDesignName>erd-model</ownerDesignName>
<useDomainConstraints>false</useDomainConstraints>
<use>1</use>
<logicalDatatype>LOGDT024</logicalDatatype>
<dataTypeSize>64</dataTypeSize>
<ownDataTypeParameters>,,</ownDataTypeParameters>
<previousColumn>false</previousColumn>
<autoIncrementCycle>false</autoIncrementCycle>
<associations>
<colAssociation fkAssociation="CA2BB6C7-1A35-58C3-54A3-616BED01A010" referredColumn="6C16978C-2B4B-8517-D4C8-5B0E0A5D0D76"/>
</associations>
</Column>
</columns>
<indexes itemClass="oracle.dbtools.crest.model.design.relational.Index">
<ind_PK_UK id="C00A9F83-8437-1698-FC0D-82DB1A83EC4F" name="Inzynier_PK">
<createdBy>caribou</createdBy>
<createdTime>2022-11-30 11:46:48 UTC</createdTime>
<generatorID>C4294240-4C4F-DFF3-D6D5-E63CEA8A1F54</generatorID>
<ownerDesignName>erd-model</ownerDesignName>
<pk>true</pk>
<indexState>Primary Constraint</indexState>
<isSurrogateKey>false</isSurrogateKey>
<indexColumnUsage>
<colUsage columnID="F695F9DD-C7CD-9169-E1FD-F0E8F0B19056"/>
</indexColumnUsage>
</ind_PK_UK>
<ind_PK_UK id="E3C7DA9E-E1A0-199E-E889-47F86FFB5374" name="Inzynier_Zespoly_FK">
<createdBy>caribou</createdBy>
<createdTime>2022-11-30 12:04:09 UTC</createdTime>
<generatorID>CE885F31-C3FF-28A3-7C8F-989F49107643</generatorID>
<ownerDesignName>erd-model</ownerDesignName>
<indexState>Foreign Key</indexState>
<isSurrogateKey>false</isSurrogateKey>
<indexColumnUsage>
<colUsage columnID="4C00A9A7-08BE-45C6-38E1-DDA5429CD7C3"/>
</indexColumnUsage>
</ind_PK_UK>
</indexes>
</Table>
