<?xml version = '1.0' encoding = 'UTF-8'?>
<Table class="oracle.dbtools.crest.model.design.relational.Table" directorySegmentName="seg_0" id="D64916DA-29B3-B6DC-4022-337646FAAE0D" name="Wyscigi">
<createdBy>caribou</createdBy>
<createdTime>2022-11-30 11:46:48 UTC</createdTime>
<generatorID>BE07394E-7763-6EFD-923C-E3A77BAD67F6</generatorID>
<ownerDesignName>erd-model</ownerDesignName>
<allowColumnReorder>false</allowColumnReorder>
<existDependencyGenerateInDDl>true</existDependencyGenerateInDDl>
<parsed>true</parsed>
<columns itemClass="oracle.dbtools.crest.model.design.relational.Column">
<Column name="Wyscigi_ID" id="0ACCF713-5E63-F0CA-A056-19850A5B5406">
<createdBy>caribou</createdBy>
<createdTime>2022-11-30 11:46:48 UTC</createdTime>
<ownerDesignName>erd-model</ownerDesignName>
<useDomainConstraints>false</useDomainConstraints>
<use>1</use>
<logicalDatatype>LOGDT019</logicalDatatype>
<ownDataTypeParameters>,,</ownDataTypeParameters>
<autoIncrementColumn>true</autoIncrementColumn>
<identityColumn>true</identityColumn>
<autoIncrementCycle>false</autoIncrementCycle>
<isSurrogateColumn>true</isSurrogateColumn>
</Column>
<Column name="nazwa_wys" id="8B4F5561-25AC-0628-9B55-F053513B80F3">
<createdBy>caribou</createdBy>
<createdTime>2022-11-30 11:46:48 UTC</createdTime>
<generatorID>B376CC97-FB4A-0A22-7C42-3401E6084E73</generatorID>
<ownerDesignName>erd-model</ownerDesignName>
<useDomainConstraints>false</useDomainConstraints>
<use>1</use>
<logicalDatatype>LOGDT024</logicalDatatype>
<dataTypeSize>64</dataTypeSize>
<ownDataTypeParameters>64,,</ownDataTypeParameters>
<autoIncrementCycle>false</autoIncrementCycle>
</Column>
<Column name="Tory_nazwa_tor" id="51704A26-3CC8-A3D3-1CFA-911BFDE081DE">
<createdBy>caribou</createdBy>
<createdTime>2022-11-30 11:46:48 UTC</createdTime>
<generatorID>B55A0129-F3AD-D2EF-630E-14D509345780</generatorID>
<ownerDesignName>erd-model</ownerDesignName>
<useDomainConstraints>false</useDomainConstraints>
<use>1</use>
<logicalDatatype>LOGDT024</logicalDatatype>
<dataTypeSize>64</dataTypeSize>
<ownDataTypeParameters>,,</ownDataTypeParameters>
<previousColumn>false</previousColumn>
<autoIncrementCycle>false</autoIncrementCycle>
<associations>
<colAssociation fkAssociation="5596E76E-3345-FB78-D450-27610D2976ED" referredColumn="862ACDF5-893B-48FB-4217-11D18A109D1F"/>
</associations>
</Column>
<Column name="ilosc_okr" id="14663F4F-3BE0-51A3-3889-1FE31AC4AB65">
<createdBy>caribou</createdBy>
<createdTime>2022-11-30 11:46:48 UTC</createdTime>
<generatorID>467A6230-DF75-188B-EF91-EBCABABA5DD9</generatorID>
<ownerDesignName>erd-model</ownerDesignName>
<useDomainConstraints>false</useDomainConstraints>
<use>1</use>
<logicalDatatype>LOGDT019</logicalDatatype>
<ownDataTypeParameters>,,</ownDataTypeParameters>
<autoIncrementCycle>false</autoIncrementCycle>
</Column>
<Column name="data_wys" id="6FBBFE0D-847C-798D-F7FE-2BF7F52D5910">
<createdBy>caribou</createdBy>
<createdTime>2022-11-30 11:46:48 UTC</createdTime>
<generatorID>FC8A66DB-8A84-D551-10C2-8FC1C6EE88F2</generatorID>
<ownerDesignName>erd-model</ownerDesignName>
<useDomainConstraints>false</useDomainConstraints>
<use>1</use>
<logicalDatatype>LOGDT008</logicalDatatype>
<ownDataTypeParameters>,,</ownDataTypeParameters>
<autoIncrementCycle>false</autoIncrementCycle>
</Column>
</columns>
<indexes itemClass="oracle.dbtools.crest.model.design.relational.Index">
<ind_PK_UK id="06546492-BD7B-A187-A012-D6E098A15247" name="Wyscigi_PK">
<createdBy>caribou</createdBy>
<createdTime>2022-11-30 11:46:48 UTC</createdTime>
<ownerDesignName>erd-model</ownerDesignName>
<pk>true</pk>
<indexState>Primary Constraint</indexState>
<indexColumnUsage>
<colUsage columnID="0ACCF713-5E63-F0CA-A056-19850A5B5406"/>
</indexColumnUsage>
</ind_PK_UK>
<ind_PK_UK id="3DAC9816-7F95-08B4-8683-A19BE118D9A8" name="Wyscigi_nazwa_wys_UN">
<createdBy>caribou</createdBy>
<createdTime>2022-11-30 11:46:48 UTC</createdTime>
<generatorID>A802BC1C-057A-8B9B-E70A-319E91AAB40E</generatorID>
<ownerDesignName>erd-model</ownerDesignName>
<indexState>Unique Constraint</indexState>
<isSurrogateKey>false</isSurrogateKey>
<indexColumnUsage>
<colUsage columnID="8B4F5561-25AC-0628-9B55-F053513B80F3"/>
</indexColumnUsage>
</ind_PK_UK>
<ind_PK_UK id="5CB55029-A783-DAD3-AA45-8613BD43BDEF" name="Wyscigi_Tory_FK">
<createdBy>caribou</createdBy>
<createdTime>2022-11-30 11:46:48 UTC</createdTime>
<generatorID>EC9CCCAC-3630-C7C7-2301-3094B06ECA06</generatorID>
<ownerDesignName>erd-model</ownerDesignName>
<indexState>Foreign Key</indexState>
<isSurrogateKey>false</isSurrogateKey>
<indexColumnUsage>
<colUsage columnID="51704A26-3CC8-A3D3-1CFA-911BFDE081DE"/>
</indexColumnUsage>
</ind_PK_UK>
</indexes>
</Table>
