<?xml version = '1.0' encoding = 'UTF-8'?>
<Table class="oracle.dbtools.crest.model.design.relational.Table" directorySegmentName="seg_0" id="DD81587C-EEB3-A387-46EE-EA8D4724949F" name="Wyniki">
<createdBy>caribou</createdBy>
<createdTime>2022-11-30 11:46:48 UTC</createdTime>
<generatorID>E5C71EBA-09BC-A368-958C-BB1BC6F67FCF</generatorID>
<ownerDesignName>erd-model</ownerDesignName>
<allowColumnReorder>false</allowColumnReorder>
<existDependencyGenerateInDDl>true</existDependencyGenerateInDDl>
<parsed>true</parsed>
<columns itemClass="oracle.dbtools.crest.model.design.relational.Column">
<Column name="nazwa_wys" id="2B2DF837-268E-357C-27F4-CC9755E35C99">
<createdBy>caribou</createdBy>
<createdTime>2022-11-30 11:46:48 UTC</createdTime>
<generatorID>911001DD-4EE1-47D8-2395-066AD7ECAAF7</generatorID>
<ownerDesignName>erd-model</ownerDesignName>
<useDomainConstraints>false</useDomainConstraints>
<use>1</use>
<logicalDatatype>LOGDT024</logicalDatatype>
<ownDataTypeParameters>,,</ownDataTypeParameters>
<previousColumn>false</previousColumn>
<autoIncrementCycle>false</autoIncrementCycle>
</Column>
<Column name="pozycja" id="24D7018A-D5A7-9C1F-1AD0-6823D94DD00C">
<createdBy>caribou</createdBy>
<createdTime>2022-11-30 11:46:48 UTC</createdTime>
<generatorID>BB9E4F22-3022-B193-61ED-4A33BD0FC531</generatorID>
<ownerDesignName>erd-model</ownerDesignName>
<useDomainConstraints>false</useDomainConstraints>
<use>1</use>
<logicalDatatype>LOGDT019</logicalDatatype>
<ownDataTypeParameters>,,</ownDataTypeParameters>
<autoIncrementCycle>false</autoIncrementCycle>
</Column>
<Column name="Kierowcy_pesel" id="A6E08F14-6BDC-72B9-C866-FF945A58BD56">
<createdBy>caribou</createdBy>
<createdTime>2022-11-30 11:46:48 UTC</createdTime>
<generatorID>BE18ED88-0192-CC8A-1C07-0022D21C0987</generatorID>
<ownerDesignName>erd-model</ownerDesignName>
<useDomainConstraints>false</useDomainConstraints>
<use>1</use>
<logicalDatatype>LOGDT024</logicalDatatype>
<ownDataTypeParameters>,,</ownDataTypeParameters>
<previousColumn>false</previousColumn>
<autoIncrementCycle>false</autoIncrementCycle>
<associations>
<colAssociation fkAssociation="3EE5140C-F094-68C8-BA78-11CC7D85BF78" referredColumn="8CA7865E-EE26-6170-9860-AAA5993A4794"/>
</associations>
</Column>
<Column name="Wyscigi_Wyscigi_ID" id="0A280E7B-F75A-ECDE-C2B7-000032FD4978">
<createdBy>caribou</createdBy>
<createdTime>2022-11-30 11:46:48 UTC</createdTime>
<ownerDesignName>erd-model</ownerDesignName>
<useDomainConstraints>false</useDomainConstraints>
<use>1</use>
<logicalDatatype>LOGDT019</logicalDatatype>
<ownDataTypeParameters>,,</ownDataTypeParameters>
<previousColumn>false</previousColumn>
<autoIncrementCycle>false</autoIncrementCycle>
<associations>
<colAssociation fkAssociation="2509E0B5-A301-4DC3-FAD0-306A8FA4146A" referredColumn="0ACCF713-5E63-F0CA-A056-19850A5B5406"/>
</associations>
</Column>
</columns>
<indexes itemClass="oracle.dbtools.crest.model.design.relational.Index">
<ind_PK_UK id="39381760-2564-CED5-023E-37C2288E570A" name="Wyniki_PK">
<createdBy>caribou</createdBy>
<createdTime>2022-11-30 11:46:48 UTC</createdTime>
<generatorID>0D370BD8-D2ED-7F47-9E69-1D692367BC79</generatorID>
<ownerDesignName>erd-model</ownerDesignName>
<pk>true</pk>
<indexState>Primary Constraint</indexState>
<isSurrogateKey>false</isSurrogateKey>
<indexColumnUsage>
<colUsage columnID="A6E08F14-6BDC-72B9-C866-FF945A58BD56"/>
<colUsage columnID="2B2DF837-268E-357C-27F4-CC9755E35C99"/>
</indexColumnUsage>
</ind_PK_UK>
<ind_PK_UK id="215E2905-2412-6A2A-F9C8-73026FC31378" name="Wyniki_Kierowcy_FK">
<createdBy>caribou</createdBy>
<createdTime>2022-11-30 11:46:48 UTC</createdTime>
<generatorID>EB73786B-BDF2-434D-E426-A0AE20BED1E4</generatorID>
<ownerDesignName>erd-model</ownerDesignName>
<indexState>Foreign Key</indexState>
<isSurrogateKey>false</isSurrogateKey>
<indexColumnUsage>
<colUsage columnID="A6E08F14-6BDC-72B9-C866-FF945A58BD56"/>
</indexColumnUsage>
</ind_PK_UK>
<ind_PK_UK id="BB5AA2A4-6EF8-D06D-A534-866DF2A96E14" name="Wyniki_Wyscigi_FK">
<createdBy>caribou</createdBy>
<createdTime>2022-11-30 11:46:48 UTC</createdTime>
<generatorID>0CE469F3-16A5-BE8C-9071-5B5BFC47453F</generatorID>
<ownerDesignName>erd-model</ownerDesignName>
<indexState>Foreign Key</indexState>
<isSurrogateKey>false</isSurrogateKey>
<indexColumnUsage>
<colUsage columnID="0A280E7B-F75A-ECDE-C2B7-000032FD4978"/>
</indexColumnUsage>
</ind_PK_UK>
</indexes>
</Table>
