<?xml version = '1.0' encoding = 'UTF-8'?>
<Table class="oracle.dbtools.crest.model.design.relational.Table" directorySegmentName="seg_0" id="E20E331C-7EB6-0C78-6900-4B46343D0F3D" name="Sponsor_Zespol">
<createdBy>caribou</createdBy>
<createdTime>2022-11-30 11:46:48 UTC</createdTime>
<ownerDesignName>erd-model</ownerDesignName>
<allowColumnReorder>false</allowColumnReorder>
<existDependencyGenerateInDDl>true</existDependencyGenerateInDDl>
<parsed>true</parsed>
<columns itemClass="oracle.dbtools.crest.model.design.relational.Column">
<Column name="Sponsorzy_lei" id="C294AFEF-6D31-CC17-96ED-3DE0BD3543FD">
<createdBy>caribou</createdBy>
<createdTime>2022-11-30 11:46:48 UTC</createdTime>
<ownerDesignName>erd-model</ownerDesignName>
<useDomainConstraints>false</useDomainConstraints>
<use>1</use>
<logicalDatatype>LOGDT024</logicalDatatype>
<dataTypeSize>20</dataTypeSize>
<ownDataTypeParameters>,,</ownDataTypeParameters>
<previousColumn>false</previousColumn>
<autoIncrementCycle>false</autoIncrementCycle>
<associations>
<colAssociation fkAssociation="B711A8EF-A731-9BA1-F0AB-AAB8C197D4FA" referredColumn="700063BB-B01D-AE4C-F0AB-87EA6073C8ED"/>
</associations>
</Column>
<Column name="Zespoly_nazwa_zesp" id="538E07F0-6F39-D93A-76E7-3215D1F6D51E">
<createdBy>caribou</createdBy>
<createdTime>2022-11-30 11:46:48 UTC</createdTime>
<ownerDesignName>erd-model</ownerDesignName>
<useDomainConstraints>false</useDomainConstraints>
<use>1</use>
<logicalDatatype>LOGDT024</logicalDatatype>
<dataTypeSize>64</dataTypeSize>
<ownDataTypeParameters>,,</ownDataTypeParameters>
<previousColumn>false</previousColumn>
<autoIncrementCycle>false</autoIncrementCycle>
<associations>
<colAssociation fkAssociation="7C950AF2-CFFA-E256-4735-5B8739FB0C07" referredColumn="6C16978C-2B4B-8517-D4C8-5B0E0A5D0D76"/>
</associations>
</Column>
</columns>
<indexes itemClass="oracle.dbtools.crest.model.design.relational.Index">
<ind_PK_UK id="8F9DE9FB-DF3D-B956-9111-D7C3CCAAC1D4" name="Sponsor_Zespol_PK">
<createdBy>caribou</createdBy>
<createdTime>2022-11-30 11:46:48 UTC</createdTime>
<ownerDesignName>erd-model</ownerDesignName>
<pk>true</pk>
<indexState>Primary Constraint</indexState>
<isSurrogateKey>false</isSurrogateKey>
<indexColumnUsage>
<colUsage columnID="C294AFEF-6D31-CC17-96ED-3DE0BD3543FD"/>
<colUsage columnID="538E07F0-6F39-D93A-76E7-3215D1F6D51E"/>
</indexColumnUsage>
</ind_PK_UK>
<ind_PK_UK id="8DF012E0-26E3-D631-CA2C-0DF053771246" name="Sponsor_Zespol_Sponsorzy_FK">
<createdBy>caribou</createdBy>
<createdTime>2022-11-30 11:46:48 UTC</createdTime>
<generatorID>E1A22295-337D-44E2-9A54-67D4AB412526</generatorID>
<ownerDesignName>erd-model</ownerDesignName>
<indexState>Foreign Key</indexState>
<isSurrogateKey>false</isSurrogateKey>
<indexColumnUsage>
<colUsage columnID="C294AFEF-6D31-CC17-96ED-3DE0BD3543FD"/>
</indexColumnUsage>
</ind_PK_UK>
<ind_PK_UK id="5CEEEC6D-5533-3F9B-4BCD-7311579A37FA" name="Sponsor_Zespol_Zespoly_FK">
<createdBy>caribou</createdBy>
<createdTime>2022-11-30 11:46:48 UTC</createdTime>
<generatorID>E1A22295-337D-44E2-9A54-67D4AB412526</generatorID>
<ownerDesignName>erd-model</ownerDesignName>
<indexState>Foreign Key</indexState>
<isSurrogateKey>false</isSurrogateKey>
<indexColumnUsage>
<colUsage columnID="538E07F0-6F39-D93A-76E7-3215D1F6D51E"/>
</indexColumnUsage>
</ind_PK_UK>
</indexes>
</Table>
