<?xml version = '1.0' encoding = 'UTF-8'?>
<Table class="oracle.dbtools.crest.model.design.relational.Table" directorySegmentName="seg_0" id="FE247D9E-E926-9509-B074-450B312D0C49" name="Mechanik">
<createdBy>caribou</createdBy>
<createdTime>2022-11-30 11:46:48 UTC</createdTime>
<generatorID>97B48EE4-E588-7D7D-AC36-9F266FF9DC76</generatorID>
<ownerDesignName>erd-model</ownerDesignName>
<allowColumnReorder>false</allowColumnReorder>
<existDependencyGenerateInDDl>true</existDependencyGenerateInDDl>
<parsed>true</parsed>
<columns itemClass="oracle.dbtools.crest.model.design.relational.Column">
<Column name="pesel" id="5265D6F0-C8DE-B12B-7DB5-B1B37E30D265">
<createdBy>caribou</createdBy>
<createdTime>2022-11-30 11:46:48 UTC</createdTime>
<generatorID>1D5E884A-56EB-C794-B7DD-A147A172F117</generatorID>
<ownerDesignName>erd-model</ownerDesignName>
<useDomainConstraints>false</useDomainConstraints>
<use>1</use>
<logicalDatatype>LOGDT024</logicalDatatype>
<ownDataTypeParameters>,,</ownDataTypeParameters>
<autoIncrementCycle>false</autoIncrementCycle>
</Column>
<Column name="rola" id="D929E02D-4DED-BFF3-D35E-B56B2082CB8A">
<createdBy>caribou</createdBy>
<createdTime>2022-11-30 11:46:48 UTC</createdTime>
<generatorID>6794AB6A-A05B-AD17-A2EC-C165BAFEC912</generatorID>
<ownerDesignName>erd-model</ownerDesignName>
<useDomainConstraints>false</useDomainConstraints>
<use>1</use>
<logicalDatatype>LOGDT024</logicalDatatype>
<dataTypeSize>64</dataTypeSize>
<ownDataTypeParameters>64,,</ownDataTypeParameters>
<autoIncrementCycle>false</autoIncrementCycle>
</Column>
<Column name="nazwisko" id="EB368F25-13A1-89FD-F2BB-C4F4BA8449A4">
<createdBy>caribou</createdBy>
<createdTime>2022-11-30 12:04:09 UTC</createdTime>
<generatorID>3611C772-76EA-BBE7-E124-F9BDEB5F6D47</generatorID>
<ownerDesignName>erd-model</ownerDesignName>
<useDomainConstraints>false</useDomainConstraints>
<use>1</use>
<logicalDatatype>LOGDT024</logicalDatatype>
<dataTypeSize>64</dataTypeSize>
<ownDataTypeParameters>64,,</ownDataTypeParameters>
<autoIncrementCycle>false</autoIncrementCycle>
</Column>
<Column name="placa" id="708751D6-56D6-869A-B94C-C53BF2E4202F">
<createdBy>caribou</createdBy>
<createdTime>2022-11-30 12:04:09 UTC</createdTime>
<generatorID>8EEF536E-0965-EED8-F721-27C24598B965</generatorID>
<ownerDesignName>erd-model</ownerDesignName>
<nullsAllowed>true</nullsAllowed>
<useDomainConstraints>false</useDomainConstraints>
<use>1</use>
<logicalDatatype>LOGDT019</logicalDatatype>
<ownDataTypeParameters>,,</ownDataTypeParameters>
<autoIncrementCycle>false</autoIncrementCycle>
</Column>
<Column name="Zespoly_nazwa_zesp" id="5AB954A8-9668-99BE-BF20-80CBE1EB534F">
<createdBy>caribou</createdBy>
<createdTime>2022-11-30 12:04:09 UTC</createdTime>
<generatorID>5F45D506-F9FF-7A5F-667A-B0789E6654A5</generatorID>
<ownerDesignName>erd-model</ownerDesignName>
<useDomainConstraints>false</useDomainConstraints>
<use>1</use>
<logicalDatatype>LOGDT024</logicalDatatype>
<dataTypeSize>64</dataTypeSize>
<ownDataTypeParameters>,,</ownDataTypeParameters>
<previousColumn>false</previousColumn>
<autoIncrementCycle>false</autoIncrementCycle>
<associations>
<colAssociation fkAssociation="E355FE25-06A4-A72C-39D1-C2AA070CF051" referredColumn="6C16978C-2B4B-8517-D4C8-5B0E0A5D0D76"/>
</associations>
</Column>
</columns>
<indexes itemClass="oracle.dbtools.crest.model.design.relational.Index">
<ind_PK_UK id="835132CA-0C16-3ECD-7931-904344268212" name="Mechanik_PK">
<createdBy>caribou</createdBy>
<createdTime>2022-11-30 11:46:48 UTC</createdTime>
<generatorID>C4294240-4C4F-DFF3-D6D5-E63CEA8A1F54</generatorID>
<ownerDesignName>erd-model</ownerDesignName>
<pk>true</pk>
<indexState>Primary Constraint</indexState>
<isSurrogateKey>false</isSurrogateKey>
<indexColumnUsage>
<colUsage columnID="5265D6F0-C8DE-B12B-7DB5-B1B37E30D265"/>
</indexColumnUsage>
</ind_PK_UK>
<ind_PK_UK id="89CB76E0-B571-1C21-1470-5DABD930CF7D" name="Mechanik_Zespoly_FK">
<createdBy>caribou</createdBy>
<createdTime>2022-11-30 12:04:09 UTC</createdTime>
<generatorID>CE885F31-C3FF-28A3-7C8F-989F49107643</generatorID>
<ownerDesignName>erd-model</ownerDesignName>
<indexState>Foreign Key</indexState>
<isSurrogateKey>false</isSurrogateKey>
<indexColumnUsage>
<colUsage columnID="5AB954A8-9668-99BE-BF20-80CBE1EB534F"/>
</indexColumnUsage>
</ind_PK_UK>
</indexes>
</Table>
