<?xml version = '1.0' encoding = 'UTF-8'?>
<Diagram class="oracle.dbtools.crest.swingui.relational.DPVRelational" name="Relational_1" id="3332CDD9-0FFA-CA47-09A3-F1938CC7C260">
<createdBy>caribou</createdBy>
<modifiedBy>caribou</modifiedBy>
<createdTime>2022-11-13 12:33:29 UTC</createdTime>
<autoRoute>false</autoRoute>
<boxInbox>true</boxInbox>
<showLegend>false</showLegend>
<showLabels>false</showLabels>
<showRelAttributes>false</showRelAttributes>
<gridEnabled>true</gridEnabled>
<showGrid>false</showGrid>
<diagramColor>-1</diagramColor>
<display>false</display>
<notation>1</notation>
<objectViews>
<OView class="oracle.dbtools.crest.swingui.relational.TVTable" oid="07AFD036-F029-D94D-D83C-B37FB81058D9" otype="Table" vid="06DC4011-CC18-D9A9-B00F-9D4344A73C4E">
<hideElementsInCurrentOnly>false</hideElementsInCurrentOnly>
<bounds x="430" y="500" width="221" height="111"/>
</OView>
<OView class="oracle.dbtools.crest.swingui.relational.TVTable" oid="396299EE-6012-9339-FEE5-CC9318628937" otype="Table" vid="65D28B50-CF31-40A7-38FB-ACEEB77509E3">
<hideElementsInCurrentOnly>false</hideElementsInCurrentOnly>
<bounds x="1390" y="320" width="185" height="102"/>
</OView>
<OView class="oracle.dbtools.crest.swingui.relational.TVTable" oid="4A4C4262-B9A3-8048-889A-356C23E2D95E" otype="Table" vid="1624309F-9921-A325-A8F6-949B5AA284C7">
<hideElementsInCurrentOnly>false</hideElementsInCurrentOnly>
<bounds x="430" y="330" width="221" height="163"/>
</OView>
<OView class="oracle.dbtools.crest.swingui.relational.TVTable" oid="4B2B0F97-3976-B5FD-DADD-4155F859758B" otype="Table" vid="10154BFA-47A9-4697-F6A0-AFBDCE6C3846">
<hideElementsInCurrentOnly>false</hideElementsInCurrentOnly>
<bounds x="1430" y="530" width="201" height="125"/>
</OView>
<OView class="oracle.dbtools.crest.swingui.relational.TVTable" oid="76BE918A-DFF8-3331-F254-85144A51C932" otype="Table" vid="A4133620-9B5F-32AD-1DA1-83761D257E90">
<hideElementsInCurrentOnly>false</hideElementsInCurrentOnly>
<bounds x="740" y="120" width="241" height="152"/>
</OView>
<OView class="oracle.dbtools.crest.swingui.relational.TVTable" oid="7D8A5D42-9D53-B528-DB8B-4A25EFE1A411" otype="Table" vid="A3D562CB-7672-4E76-09D9-6C2C3C68622C">
<hideElementsInCurrentOnly>false</hideElementsInCurrentOnly>
<bounds x="1150" y="320" width="191" height="103"/>
</OView>
<OView class="oracle.dbtools.crest.swingui.relational.TVTable" oid="8937FEF7-D6CC-9F58-FA6C-B0B4C416348B" otype="Table" vid="C581EAF3-B426-0D78-FEF7-B8868C9C8C02">
<hideElementsInCurrentOnly>false</hideElementsInCurrentOnly>
<bounds x="1150" y="600" width="191" height="171"/>
</OView>
<OView class="oracle.dbtools.crest.swingui.relational.TVTable" oid="9362E287-7800-A1D6-B10A-08AF26A18A04" otype="Table" vid="8CB1A41E-6180-ECC0-BBFE-0C9A986F4B58">
<hideElementsInCurrentOnly>false</hideElementsInCurrentOnly>
<bounds x="1430" y="720" width="201" height="131"/>
</OView>
<OView class="oracle.dbtools.crest.swingui.relational.TVTable" oid="9580A5A5-39EE-E260-DCF9-F27269983B75" otype="Table" vid="5CBEA5BF-5F02-3FAA-262B-7AF7D4E074DA">
<hideElementsInCurrentOnly>false</hideElementsInCurrentOnly>
<bounds x="1150" y="440" width="191" height="141"/>
</OView>
<OView class="oracle.dbtools.crest.swingui.relational.TVTable" oid="96AACF4D-B007-6709-3FDD-67B0634AE8E8" otype="Table" vid="9E5AE3D0-004F-AAE0-925F-D64FB1B8127F">
<hideElementsInCurrentOnly>false</hideElementsInCurrentOnly>
<bounds x="430" y="630" width="221" height="91"/>
</OView>
<OView class="oracle.dbtools.crest.swingui.relational.TVTable" oid="A997643B-389A-574E-A1A8-F99BB0C7E6A7" otype="Table" vid="14EB64D8-4C77-54E2-7103-D0773B74B97E">
<hideElementsInCurrentOnly>false</hideElementsInCurrentOnly>
<bounds x="20" y="510" width="249" height="152"/>
</OView>
<OView class="oracle.dbtools.crest.swingui.relational.TVTable" oid="B1A7A12E-83A4-EC3F-A162-B1A36311C45D" otype="Table" vid="A0E48A82-25B0-EBD7-2FB8-657425923B54">
<hideElementsInCurrentOnly>false</hideElementsInCurrentOnly>
<bounds x="20" y="90" width="348" height="196"/>
</OView>
<OView class="oracle.dbtools.crest.swingui.relational.TVTable" oid="B312CEFA-3D46-452B-EDEF-DB12DA576940" otype="Table" vid="53134721-901D-9DFC-44D8-324461762970">
<hideElementsInCurrentOnly>false</hideElementsInCurrentOnly>
<bounds x="170" y="360" width="211" height="121"/>
</OView>
<OView class="oracle.dbtools.crest.swingui.relational.TVTable" oid="BFB05ADB-7B07-CA8E-B8B8-F7EE6EA69AA3" otype="Table" vid="44D174B1-68AB-7AF0-BD0B-85D7F576EC9C">
<hideElementsInCurrentOnly>false</hideElementsInCurrentOnly>
<bounds x="20" y="710" width="341" height="141"/>
</OView>
<OView class="oracle.dbtools.crest.swingui.relational.TVTable" oid="E51DB5BE-B872-D2EF-D60D-4C4E34AA1CF2" otype="Table" vid="C82380AA-3F75-E38D-757D-779B0F266E65">
<hideElementsInCurrentOnly>false</hideElementsInCurrentOnly>
<bounds x="430" y="730" width="221" height="101"/>
</OView>
<OView class="oracle.dbtools.crest.swingui.relational.TVTable" oid="F3359213-92EB-130C-24B0-084D3E6AD8B9" otype="Table" vid="23F682A2-AD32-0843-6FD6-97E9DC9AEC37">
<hideElementsInCurrentOnly>false</hideElementsInCurrentOnly>
<bounds x="1240" y="140" width="291" height="110"/>
</OView>
</objectViews>
<connectors>
<Connector class="oracle.dbtools.crest.swingui.relational.TVFKRelation" oid="08250B9F-DE58-4B2E-8A2B-28589870DDC1" otype="FKIndexAssociation" vid_source="8CB1A41E-6180-ECC0-BBFE-0C9A986F4B58" vid_target="10154BFA-47A9-4697-F6A0-AFBDCE6C3846">
<hideElementsInCurrentOnly>false</hideElementsInCurrentOnly>
<backgroundColor>-16777216</backgroundColor>
<lineWidth>1</lineWidth>
<points>
<point x="1530" y="720"/>
<point x="1530" y="655"/>
</points>
</Connector>
<Connector class="oracle.dbtools.crest.swingui.relational.TVFKRelation" oid="2EFCB6D7-98DB-3A24-493A-75C55CCC1D57" otype="FKIndexAssociation" vid_source="65D28B50-CF31-40A7-38FB-ACEEB77509E3" vid_target="23F682A2-AD32-0843-6FD6-97E9DC9AEC37">
<hideElementsInCurrentOnly>false</hideElementsInCurrentOnly>
<backgroundColor>-16777216</backgroundColor>
<lineWidth>1</lineWidth>
<points>
<point x="1460" y="320"/>
<point x="1460" y="250"/>
</points>
</Connector>
<Connector class="oracle.dbtools.crest.swingui.relational.TVFKRelation" oid="4E0A02D6-46CC-AAA1-5920-45103775E320" otype="FKIndexAssociation" vid_source="10154BFA-47A9-4697-F6A0-AFBDCE6C3846" vid_target="5CBEA5BF-5F02-3FAA-262B-7AF7D4E074DA">
<hideElementsInCurrentOnly>false</hideElementsInCurrentOnly>
<backgroundColor>-16777216</backgroundColor>
<lineWidth>1</lineWidth>
<points>
<point x="1430" y="555"/>
<point x="1341" y="555"/>
</points>
</Connector>
<Connector class="oracle.dbtools.crest.swingui.relational.TVFKRelation" oid="4FBB4F77-AA26-B928-561D-46093F269B22" otype="FKIndexAssociation" vid_source="53134721-901D-9DFC-44D8-324461762970" vid_target="1624309F-9921-A325-A8F6-949B5AA284C7">
<hideElementsInCurrentOnly>false</hideElementsInCurrentOnly>
<backgroundColor>-16777216</backgroundColor>
<lineWidth>1</lineWidth>
<points>
<point x="381" y="420"/>
<point x="430" y="420"/>
</points>
</Connector>
<Connector class="oracle.dbtools.crest.swingui.relational.TVFKRelation" oid="5120FD62-3FEA-3D3A-66C7-E5B9AF09D0F9" otype="FKIndexAssociation" vid_source="A3D562CB-7672-4E76-09D9-6C2C3C68622C" vid_target="23F682A2-AD32-0843-6FD6-97E9DC9AEC37">
<hideElementsInCurrentOnly>false</hideElementsInCurrentOnly>
<backgroundColor>-16777216</backgroundColor>
<lineWidth>1</lineWidth>
<points>
<point x="1290" y="320"/>
<point x="1290" y="250"/>
</points>
</Connector>
<Connector class="oracle.dbtools.crest.swingui.relational.TVFKRelation" oid="5E202641-D9E5-B65F-2EE5-4709180810F9" otype="FKIndexAssociation" vid_source="A4133620-9B5F-32AD-1DA1-83761D257E90" vid_target="1624309F-9921-A325-A8F6-949B5AA284C7">
<hideElementsInCurrentOnly>false</hideElementsInCurrentOnly>
<backgroundColor>-16777216</backgroundColor>
<lineWidth>1</lineWidth>
<points>
<point x="767" y="272"/>
<point x="767" y="403"/>
<point x="651" y="403"/>
</points>
</Connector>
<Connector class="oracle.dbtools.crest.swingui.relational.TVFKRelation" oid="69700FEF-7064-9392-2138-A960B175F370" otype="FKIndexAssociation" vid_source="A3D562CB-7672-4E76-09D9-6C2C3C68622C" vid_target="A0E48A82-25B0-EBD7-2FB8-657425923B54">
<hideElementsInCurrentOnly>false</hideElementsInCurrentOnly>
<backgroundColor>-16777216</backgroundColor>
<lineWidth>1</lineWidth>
<points>
<point x="1211" y="320"/>
<point x="1211" y="31"/>
<point x="181" y="31"/>
<point x="181" y="90"/>
</points>
</Connector>
<Connector class="oracle.dbtools.crest.swingui.relational.TVFKRelation" oid="6BF29BD8-2071-2D51-E002-65DBCF865AA0" otype="FKIndexAssociation" vid_source="1624309F-9921-A325-A8F6-949B5AA284C7" vid_target="5CBEA5BF-5F02-3FAA-262B-7AF7D4E074DA">
<hideElementsInCurrentOnly>false</hideElementsInCurrentOnly>
<backgroundColor>-16777216</backgroundColor>
<lineWidth>1</lineWidth>
<points>
<point x="651" y="431"/>
<point x="1091" y="431"/>
<point x="1091" y="511"/>
<point x="1150" y="511"/>
</points>
</Connector>
<Connector class="oracle.dbtools.crest.swingui.relational.TVFKRelation" oid="74CEC919-B42B-6DF3-7537-1D72AA35F71D" otype="FKIndexAssociation" vid_source="10154BFA-47A9-4697-F6A0-AFBDCE6C3846" vid_target="C581EAF3-B426-0D78-FEF7-B8868C9C8C02">
<hideElementsInCurrentOnly>false</hideElementsInCurrentOnly>
<backgroundColor>-16777216</backgroundColor>
<lineWidth>1</lineWidth>
<points>
<point x="1430" y="627"/>
<point x="1341" y="627"/>
</points>
</Connector>
<Connector class="oracle.dbtools.crest.swingui.relational.TVFKRelation" oid="96000F6A-D09E-5D97-25AC-03DBD8F5953C" otype="FKIndexAssociation" vid_source="A4133620-9B5F-32AD-1DA1-83761D257E90" vid_target="C82380AA-3F75-E38D-757D-779B0F266E65">
<hideElementsInCurrentOnly>false</hideElementsInCurrentOnly>
<backgroundColor>-16777216</backgroundColor>
<lineWidth>1</lineWidth>
<points>
<point x="957" y="272"/>
<point x="957" y="773"/>
<point x="651" y="773"/>
</points>
</Connector>
<Connector class="oracle.dbtools.crest.swingui.relational.TVFKRelation" oid="B19CC5B7-4C4D-D67B-9A0B-6249268C20A3" otype="FKIndexAssociation" vid_source="C82380AA-3F75-E38D-757D-779B0F266E65" vid_target="44D174B1-68AB-7AF0-BD0B-85D7F576EC9C">
<hideElementsInCurrentOnly>false</hideElementsInCurrentOnly>
<backgroundColor>-16777216</backgroundColor>
<lineWidth>1</lineWidth>
<points>
<point x="430" y="780"/>
<point x="361" y="780"/>
</points>
</Connector>
<Connector class="oracle.dbtools.crest.swingui.relational.TVFKRelation" oid="B88811B0-DD24-6ECD-6742-A78977002887" otype="FKIndexAssociation" vid_source="53134721-901D-9DFC-44D8-324461762970" vid_target="A0E48A82-25B0-EBD7-2FB8-657425923B54">
<hideElementsInCurrentOnly>false</hideElementsInCurrentOnly>
<backgroundColor>-16777216</backgroundColor>
<lineWidth>1</lineWidth>
<points>
<point x="269" y="360"/>
<point x="269" y="286"/>
</points>
</Connector>
<Connector class="oracle.dbtools.crest.swingui.relational.TVFKRelation" oid="C890F425-0375-24FD-A192-C3242EF96694" otype="FKIndexAssociation" vid_source="A0E48A82-25B0-EBD7-2FB8-657425923B54" vid_target="14EB64D8-4C77-54E2-7103-D0773B74B97E">
<hideElementsInCurrentOnly>false</hideElementsInCurrentOnly>
<backgroundColor>-16777216</backgroundColor>
<lineWidth>1</lineWidth>
<points>
<point x="144" y="286"/>
<point x="144" y="510"/>
</points>
</Connector>
<Connector class="oracle.dbtools.crest.swingui.relational.TVFKRelation" oid="D0CF4CF4-F4C0-80A4-CA83-094DB0677CAD" otype="FKIndexAssociation" vid_source="A4133620-9B5F-32AD-1DA1-83761D257E90" vid_target="9E5AE3D0-004F-AAE0-925F-D64FB1B8127F">
<hideElementsInCurrentOnly>false</hideElementsInCurrentOnly>
<backgroundColor>-16777216</backgroundColor>
<lineWidth>1</lineWidth>
<points>
<point x="897" y="272"/>
<point x="897" y="673"/>
<point x="651" y="673"/>
</points>
</Connector>
<Connector class="oracle.dbtools.crest.swingui.relational.TVFKRelation" oid="D791A0B0-5DA6-3E0D-AF78-C07F5833736D" otype="FKIndexAssociation" vid_source="14EB64D8-4C77-54E2-7103-D0773B74B97E" vid_target="44D174B1-68AB-7AF0-BD0B-85D7F576EC9C">
<hideElementsInCurrentOnly>false</hideElementsInCurrentOnly>
<backgroundColor>-16777216</backgroundColor>
<lineWidth>1</lineWidth>
<points>
<point x="144" y="662"/>
<point x="144" y="710"/>
</points>
</Connector>
<Connector class="oracle.dbtools.crest.swingui.relational.TVFKRelation" oid="DEAC56D4-6A0C-4924-A6FD-09DBCDC14DDE" otype="FKIndexAssociation" vid_source="1624309F-9921-A325-A8F6-949B5AA284C7" vid_target="C581EAF3-B426-0D78-FEF7-B8868C9C8C02">
<hideElementsInCurrentOnly>false</hideElementsInCurrentOnly>
<backgroundColor>-16777216</backgroundColor>
<lineWidth>1</lineWidth>
<points>
<point x="651" y="471"/>
<point x="1051" y="471"/>
<point x="1051" y="661"/>
<point x="1150" y="661"/>
</points>
</Connector>
<Connector class="oracle.dbtools.crest.swingui.relational.TVFKRelation" oid="E38439DE-CDFC-EEDC-B13D-58D1744CEF02" otype="FKIndexAssociation" vid_source="A3D562CB-7672-4E76-09D9-6C2C3C68622C" vid_target="A4133620-9B5F-32AD-1DA1-83761D257E90">
<hideElementsInCurrentOnly>false</hideElementsInCurrentOnly>
<backgroundColor>-16777216</backgroundColor>
<lineWidth>1</lineWidth>
<points>
<point x="1171" y="320"/>
<point x="1171" y="201"/>
<point x="981" y="201"/>
</points>
</Connector>
<Connector class="oracle.dbtools.crest.swingui.relational.TVFKRelation" oid="EF5DB6DD-EFD9-F828-78FC-46A3164EB3FA" otype="FKIndexAssociation" vid_source="A4133620-9B5F-32AD-1DA1-83761D257E90" vid_target="06DC4011-CC18-D9A9-B00F-9D4344A73C4E">
<hideElementsInCurrentOnly>false</hideElementsInCurrentOnly>
<backgroundColor>-16777216</backgroundColor>
<lineWidth>1</lineWidth>
<points>
<point x="827" y="272"/>
<point x="827" y="553"/>
<point x="651" y="553"/>
</points>
</Connector>
</connectors>
<arcs>
<Arc class="oracle.dbtools.crest.swingui.relational.TVFKArc" oid="5E9F4EE1-3727-F438-BE35-41D35020D6A0" otype="FKArc" vid="1E440D9C-E07B-0E2A-04BF-9E3D4C9BDC0C">
<hideElementsInCurrentOnly>false</hideElementsInCurrentOnly>
<bounds x="720" y="100" width="281" height="192"/>
</Arc>
</arcs>
</Diagram>
