<?xml version = '1.0' encoding = 'UTF-8'?>
<Diagram class="oracle.dbtools.crest.swingui.logical.DPVLogical" name="Logical" id="E4FC9347-ABA5-0E2C-79CE-EA6AC02D180E">
<createdBy>caribou</createdBy>
<modifiedBy>caribou</modifiedBy>
<createdTime>2022-11-13 12:33:29 UTC</createdTime>
<autoRoute>false</autoRoute>
<boxInbox>true</boxInbox>
<showLegend>false</showLegend>
<showLabels>true</showLabels>
<showRelAttributes>true</showRelAttributes>
<gridEnabled>true</gridEnabled>
<showGrid>false</showGrid>
<diagramColor>-1</diagramColor>
<display>false</display>
<notation>1</notation>
<objectViews>
<OView class="oracle.dbtools.crest.swingui.TVNote" oid="289CECE8-16A0-11D5-4B51-CDD5EBEEE2FF" otype="Note" vid="51CB5CA5-A8A3-C0C0-8BEE-395BB413709F">
<hideElementsInCurrentOnly>false</hideElementsInCurrentOnly>
<bounds x="390" y="490" width="141" height="81"/>
<comment>- Kierowca może prowadzić jeden model samochodu
- Może być wiele samochodów tego samego modelu</comment>
</OView>
<OView class="oracle.dbtools.crest.swingui.TVNote" oid="2A425E70-9E95-1D16-BF7C-5ADC92454656" otype="Note" vid="3BD1633D-A0A1-8A73-30D9-65801764111D">
<hideElementsInCurrentOnly>false</hideElementsInCurrentOnly>
<bounds x="640" y="940" width="201" height="61"/>
<comment>Mechanik może przeprowadzać wiele serwisów,
Serwis może być przeprowadzany przez wielu mechaników</comment>
</OView>
<OView class="oracle.dbtools.crest.swingui.logical.TVEntity" oid="34C560CD-5EF3-14AC-9348-A7FC82E0C8D4" otype="Entity" vid="8FF7154B-9B33-DE04-9240-EF02FEF5EE57">
<hideElementsInCurrentOnly>false</hideElementsInCurrentOnly>
<bounds x="1570" y="510" width="126" height="139"/>
</OView>
<OView class="oracle.dbtools.crest.swingui.logical.TVEntity" oid="3BBC7E40-6DB7-7764-7851-7D6E66081856" otype="Entity" vid="B3F16A3A-767E-E9E0-B1FD-CF59ACAC1EB0">
<hideElementsInCurrentOnly>false</hideElementsInCurrentOnly>
<bounds x="1260" y="660" width="126" height="129"/>
</OView>
<OView class="oracle.dbtools.crest.swingui.logical.TVEntity" oid="41F8CA66-1C7B-B73A-96F8-8A10C7082AB6" otype="Entity" vid="12C12E90-2A58-DD66-47C7-9C757A627621">
<hideElementsInCurrentOnly>false</hideElementsInCurrentOnly>
<bounds x="320" y="950" width="121" height="131"/>
</OView>
<OView class="oracle.dbtools.crest.swingui.TVNote" oid="635206DE-1327-B0AC-4D54-9818C60E00E9" otype="Note" vid="B1A814C3-F798-EEA4-E92E-40AEA4543777">
<hideElementsInCurrentOnly>false</hideElementsInCurrentOnly>
<bounds x="1080" y="410" width="231" height="61"/>
<comment>- Marka może być reprezentowana przez wiele zespołów
- Zespół może posiadać wiele samochodów tej samej marki
</comment>
</OView>
<OView class="oracle.dbtools.crest.swingui.TVNote" oid="72057361-CDEE-C3B1-8CD8-7033281DA42A" otype="Note" vid="8EBADB76-2394-DF28-00C7-A7B02EA4BDB3">
<hideElementsInCurrentOnly>false</hideElementsInCurrentOnly>
<bounds x="1390" y="600" width="171" height="51"/>
<comment>Każdy zespół może mieć wielu sponsorów, sponsor może wspierać wiele zespołów</comment>
</OView>
<OView class="oracle.dbtools.crest.swingui.TVNote" oid="74BAE80C-0ADB-59E8-BA5C-A1F27F991277" otype="Note" vid="02BD1DE5-2EE6-6846-C5AD-1E8FD4ACA07A">
<hideElementsInCurrentOnly>false</hideElementsInCurrentOnly>
<bounds x="-2320" y="1966" width="231" height="61"/>
<comment>1. Tor może mieć wiele rekordów ustanowionych w trakcie różnych wyścigów
2. Wyścig może mieć tylko jeden rekordowy czas okrążenia toru</comment>
</OView>
<OView class="oracle.dbtools.crest.swingui.logical.TVEntity" oid="7CFF4A3D-A367-D728-EA3F-52502E30D858" otype="Entity" vid="D3632C53-5296-421D-2C7C-5A857C5A086C">
<hideElementsInCurrentOnly>false</hideElementsInCurrentOnly>
<bounds x="590" y="660" width="131" height="131"/>
</OView>
<OView class="oracle.dbtools.crest.swingui.logical.TVEntity" oid="7DC1B1B8-4C81-8375-D963-CCBA17A44460" otype="Entity" vid="7AAB3FF5-5FEA-E82D-F4BD-2EC6529C82EC">
<hideElementsInCurrentOnly>false</hideElementsInCurrentOnly>
<bounds x="900" y="730" width="131" height="81"/>
</OView>
<OView class="oracle.dbtools.crest.swingui.TVNote" oid="826E7690-EC1A-29A3-6648-D88395DD06FD" otype="Note" vid="EE8D4BD8-93D8-729D-F61E-E246C2141AF0">
<hideElementsInCurrentOnly>false</hideElementsInCurrentOnly>
<bounds x="590" y="600" width="131" height="51"/>
<comment>Encja rozwiązująca związek M:N pomiędzy Kierowcą a Samochodem</comment>
</OView>
<OView class="oracle.dbtools.crest.swingui.logical.TVEntity" oid="8DB731BB-BE29-C329-503C-84A070F2D2C4" otype="Entity" vid="C14C96AB-49AC-DDC2-BB42-8B40C591B05F">
<hideElementsInCurrentOnly>false</hideElementsInCurrentOnly>
<bounds x="890" y="530" width="153" height="291"/>
</OView>
<OView class="oracle.dbtools.crest.swingui.logical.TVEntity" oid="97B48EE4-E588-7D7D-AC36-9F266FF9DC76" otype="Entity" vid="ACC49F44-BF77-5965-02FE-E06FB23C0DFB">
<hideElementsInCurrentOnly>false</hideElementsInCurrentOnly>
<bounds x="900" y="690" width="133" height="40"/>
</OView>
<OView class="oracle.dbtools.crest.swingui.logical.TVEntity" oid="9D94244B-5696-6CEA-0E44-68ACBBF062B9" otype="Entity" vid="EF321C27-B8C9-0ABE-799B-E5ED23E81F2A">
<hideElementsInCurrentOnly>false</hideElementsInCurrentOnly>
<bounds x="1570" y="800" width="126" height="131"/>
</OView>
<OView class="oracle.dbtools.crest.swingui.logical.TVEntity" oid="AC588741-08AF-0043-D517-1B2AD01C2985" otype="Entity" vid="61D37237-2B87-83C0-6FDE-335FB4AB9834">
<hideElementsInCurrentOnly>false</hideElementsInCurrentOnly>
<bounds x="900" y="600" width="133" height="50"/>
</OView>
<OView class="oracle.dbtools.crest.swingui.logical.TVEntity" oid="BE07394E-7763-6EFD-923C-E3A77BAD67F6" otype="Entity" vid="8DEBB15C-9642-F124-7905-0FBCDE51AD3D">
<hideElementsInCurrentOnly>false</hideElementsInCurrentOnly>
<bounds x="1260" y="950" width="126" height="131"/>
</OView>
<OView class="oracle.dbtools.crest.swingui.TVNote" oid="C01B9318-93A0-7665-3BD2-18ABAE8CABBB" otype="Note" vid="BA5CAB32-3A6F-F2D3-B117-BB725F9BF3C8">
<hideElementsInCurrentOnly>false</hideElementsInCurrentOnly>
<bounds x="-760" y="1102" width="231" height="61"/>
<comment>1. Tor może mieć wiele rekordów ustanowionych w trakcie różnych wyścigów
2. Wyścig może mieć tylko jeden rekordowy czas okrążenia toru</comment>
</OView>
<OView class="oracle.dbtools.crest.swingui.TVNote" oid="C24C29C4-F5C3-F6BC-86FE-574B92592922" otype="Note" vid="DCFE97BC-A7BD-D9D6-732B-315AAF994D12">
<hideElementsInCurrentOnly>false</hideElementsInCurrentOnly>
<bounds x="1390" y="940" width="231" height="61"/>
<comment>- Tor może mieć wiele rekordów ustanowionych w trakcie różnych wyścigów
- Wyścig może mieć tylko jeden rekordowy czas okrążenia toru</comment>
</OView>
<OView class="oracle.dbtools.crest.swingui.logical.TVEntity" oid="C715E137-F297-DE03-656C-C1D1B5D8890D" otype="Entity" vid="86F56FE8-CC04-5CFF-0A5B-1585332C67B7">
<hideElementsInCurrentOnly>false</hideElementsInCurrentOnly>
<bounds x="320" y="660" width="121" height="131"/>
</OView>
<OView class="oracle.dbtools.crest.swingui.logical.TVEntity" oid="DE771BC6-4DA0-E285-DA48-2F4F955E5728" otype="Entity" vid="B006FE84-0A2A-2088-E79A-1E206BA22F68">
<hideElementsInCurrentOnly>false</hideElementsInCurrentOnly>
<bounds x="1260" y="510" width="126" height="139"/>
</OView>
<OView class="oracle.dbtools.crest.swingui.logical.TVEntity" oid="E5C71EBA-09BC-A368-958C-BB1BC6F67FCF" otype="Entity" vid="17828728-FABD-014F-956C-0DAF5F2BA67A">
<hideElementsInCurrentOnly>false</hideElementsInCurrentOnly>
<bounds x="910" y="950" width="131" height="131"/>
</OView>
<OView class="oracle.dbtools.crest.swingui.logical.TVEntity" oid="ED696233-8D13-D309-D156-B43C2BA446CD" otype="Entity" vid="05D7A286-0643-1C56-8BE5-548386A638A4">
<hideElementsInCurrentOnly>false</hideElementsInCurrentOnly>
<bounds x="900" y="650" width="133" height="41"/>
</OView>
</objectViews>
<connectors>
<Connector class="oracle.dbtools.crest.swingui.logical.TVRelation" oid="0CE469F3-16A5-BE8C-9071-5B5BFC47453F" otype="Relation" vid_source="8DEBB15C-9642-F124-7905-0FBCDE51AD3D" vid_target="17828728-FABD-014F-956C-0DAF5F2BA67A">
<hideElementsInCurrentOnly>false</hideElementsInCurrentOnly>
<backgroundColor>-16777216</backgroundColor>
<lineWidth>1</lineWidth>
<sourceLabel class="oracle.dbtools.crest.model.design.Label">
<site>0</site>
<labelBounds x="1104" y="985" width="150" height="30"/>
<noBackgroundColor>true</noBackgroundColor>
<noForegroundColor>true</noForegroundColor>
</sourceLabel>
<targetLabel class="oracle.dbtools.crest.model.design.Label">
<site>2</site>
<labelBounds x="1051" y="1018" width="100" height="30"/>
<noBackgroundColor>true</noBackgroundColor>
<noForegroundColor>true</noForegroundColor>
</targetLabel>
<points>
<point x="1260" y="1015"/>
<point x="1041" y="1015"/>
</points>
</Connector>
<Connector class="oracle.dbtools.crest.swingui.logical.TVInheritanceRelation" oid="0ED1E469-8B03-736D-DD36-4E35F055DC47" otype="Hierarchy relation" vid_source="C14C96AB-49AC-DDC2-BB42-8B40C591B05F" vid_target="61D37237-2B87-83C0-6FDE-335FB4AB9834">
<hideElementsInCurrentOnly>false</hideElementsInCurrentOnly>
<backgroundColor>-65536</backgroundColor>
<lineWidth>1</lineWidth>
</Connector>
<Connector class="oracle.dbtools.crest.swingui.logical.TVInheritanceRelation" oid="23B194D5-622F-B64E-B9BC-0DD3DB6C5AB8" otype="Hierarchy relation" vid_source="C14C96AB-49AC-DDC2-BB42-8B40C591B05F" vid_target="ACC49F44-BF77-5965-02FE-E06FB23C0DFB">
<hideElementsInCurrentOnly>false</hideElementsInCurrentOnly>
<backgroundColor>-65536</backgroundColor>
<lineWidth>1</lineWidth>
</Connector>
<Connector class="oracle.dbtools.crest.swingui.logical.TVRelation" oid="2EA818C6-9E57-6AF5-16A1-312CB52F1C6B" otype="Relation" vid_source="D3632C53-5296-421D-2C7C-5A857C5A086C" vid_target="7AAB3FF5-5FEA-E82D-F4BD-2EC6529C82EC">
<hideElementsInCurrentOnly>false</hideElementsInCurrentOnly>
<backgroundColor>-16777216</backgroundColor>
<lineWidth>1</lineWidth>
<sourceLabel class="oracle.dbtools.crest.model.design.Label">
<site>0</site>
<labelBounds x="731" y="730" width="102" height="30"/>
<noBackgroundColor>true</noBackgroundColor>
<noForegroundColor>true</noForegroundColor>
</sourceLabel>
<targetLabel class="oracle.dbtools.crest.model.design.Label">
<site>2</site>
<labelBounds x="835" y="763" width="59" height="30"/>
<noBackgroundColor>true</noBackgroundColor>
<noForegroundColor>true</noForegroundColor>
</targetLabel>
<points>
<point x="721" y="760"/>
<point x="900" y="760"/>
</points>
</Connector>
<Connector class="oracle.dbtools.crest.swingui.logical.TVInheritanceRelation" oid="44B09507-FF15-252E-B335-763C43C2ADCD" otype="Hierarchy relation" vid_source="C14C96AB-49AC-DDC2-BB42-8B40C591B05F" vid_target="05D7A286-0643-1C56-8BE5-548386A638A4">
<hideElementsInCurrentOnly>false</hideElementsInCurrentOnly>
<backgroundColor>-65536</backgroundColor>
<lineWidth>1</lineWidth>
</Connector>
<Connector class="oracle.dbtools.crest.swingui.logical.TVRelation" oid="4BEFF2D5-1862-5191-C561-EEEE71AFBFB8" otype="Relation" vid_source="86F56FE8-CC04-5CFF-0A5B-1585332C67B7" vid_target="12C12E90-2A58-DD66-47C7-9C757A627621">
<hideElementsInCurrentOnly>false</hideElementsInCurrentOnly>
<backgroundColor>-16777216</backgroundColor>
<lineWidth>1</lineWidth>
<sourceLabel class="oracle.dbtools.crest.model.design.Label">
<site>0</site>
<labelBounds x="380" y="843" width="125" height="30"/>
<noBackgroundColor>true</noBackgroundColor>
<noForegroundColor>true</noForegroundColor>
</sourceLabel>
<targetLabel class="oracle.dbtools.crest.model.design.Label">
<site>2</site>
<labelBounds x="380" y="906" width="78" height="30"/>
<noBackgroundColor>true</noBackgroundColor>
<noForegroundColor>true</noForegroundColor>
</targetLabel>
<points>
<point x="380" y="791"/>
<point x="380" y="950"/>
</points>
</Connector>
<Connector class="oracle.dbtools.crest.swingui.logical.TVInheritanceRelation" oid="4CD100DD-E8D9-11CB-2CCA-51F1CEDF1D32" otype="Hierarchy relation" vid_source="C14C96AB-49AC-DDC2-BB42-8B40C591B05F" vid_target="7AAB3FF5-5FEA-E82D-F4BD-2EC6529C82EC">
<hideElementsInCurrentOnly>false</hideElementsInCurrentOnly>
<backgroundColor>-65536</backgroundColor>
<lineWidth>1</lineWidth>
</Connector>
<Connector class="oracle.dbtools.crest.swingui.logical.TVRelation" oid="4E8C3859-837C-6F41-3B66-84EB1800AF86" otype="Relation" vid_source="8DEBB15C-9642-F124-7905-0FBCDE51AD3D" vid_target="B3F16A3A-767E-E9E0-B1FD-CF59ACAC1EB0">
<hideElementsInCurrentOnly>false</hideElementsInCurrentOnly>
<backgroundColor>-16777216</backgroundColor>
<lineWidth>1</lineWidth>
<sourceLabel class="oracle.dbtools.crest.model.design.Label">
<site>0</site>
<labelBounds x="1323" y="914" width="161" height="30"/>
<noBackgroundColor>true</noBackgroundColor>
<noForegroundColor>true</noForegroundColor>
</sourceLabel>
<targetLabel class="oracle.dbtools.crest.model.design.Label">
<site>2</site>
<labelBounds x="1323" y="833" width="100" height="30"/>
<noBackgroundColor>true</noBackgroundColor>
<noForegroundColor>true</noForegroundColor>
</targetLabel>
<points>
<point x="1323" y="950"/>
<point x="1323" y="789"/>
</points>
</Connector>
<Connector class="oracle.dbtools.crest.swingui.logical.TVRelation" oid="84C30F45-5B79-9F5B-4645-B7F0E1C39DC4" otype="Relation" vid_source="ACC49F44-BF77-5965-02FE-E06FB23C0DFB" vid_target="12C12E90-2A58-DD66-47C7-9C757A627621">
<hideElementsInCurrentOnly>false</hideElementsInCurrentOnly>
<backgroundColor>-16777216</backgroundColor>
<lineWidth>1</lineWidth>
<sourceLabel class="oracle.dbtools.crest.model.design.Label">
<site>0</site>
<labelBounds x="808" y="684" width="86" height="30"/>
<noBackgroundColor>true</noBackgroundColor>
<noForegroundColor>true</noForegroundColor>
</sourceLabel>
<targetLabel class="oracle.dbtools.crest.model.design.Label">
<site>2</site>
<labelBounds x="451" y="1017" width="123" height="30"/>
<noBackgroundColor>true</noBackgroundColor>
<noForegroundColor>true</noForegroundColor>
</targetLabel>
<points>
<point x="900" y="714"/>
<point x="854" y="714"/>
<point x="854" y="1014"/>
<point x="441" y="1014"/>
</points>
</Connector>
<Connector class="oracle.dbtools.crest.swingui.logical.TVRelation" oid="AF648BF3-201A-6768-AE7F-932BFBB1C76F" otype="Relation" vid_source="D3632C53-5296-421D-2C7C-5A857C5A086C" vid_target="86F56FE8-CC04-5CFF-0A5B-1585332C67B7">
<hideElementsInCurrentOnly>false</hideElementsInCurrentOnly>
<backgroundColor>-16777216</backgroundColor>
<lineWidth>1</lineWidth>
<sourceLabel class="oracle.dbtools.crest.model.design.Label">
<site>0</site>
<labelBounds x="531" y="695" width="53" height="30"/>
<noBackgroundColor>true</noBackgroundColor>
<noForegroundColor>true</noForegroundColor>
</sourceLabel>
<targetLabel class="oracle.dbtools.crest.model.design.Label">
<site>2</site>
<labelBounds x="451" y="728" width="33" height="30"/>
<noBackgroundColor>true</noBackgroundColor>
<noForegroundColor>true</noForegroundColor>
</targetLabel>
<points>
<point x="590" y="725"/>
<point x="441" y="725"/>
</points>
</Connector>
<Connector class="oracle.dbtools.crest.swingui.logical.TVRelation" oid="B5D75EF3-B317-3501-18F8-A499FC6FA779" otype="Relation" vid_source="B006FE84-0A2A-2088-E79A-1E206BA22F68" vid_target="86F56FE8-CC04-5CFF-0A5B-1585332C67B7">
<hideElementsInCurrentOnly>false</hideElementsInCurrentOnly>
<backgroundColor>-16777216</backgroundColor>
<lineWidth>1</lineWidth>
<sourceLabel class="oracle.dbtools.crest.model.design.Label">
<site>0</site>
<labelBounds x="1320" y="466" width="64" height="30"/>
<noBackgroundColor>true</noBackgroundColor>
<noForegroundColor>true</noForegroundColor>
</sourceLabel>
<targetLabel class="oracle.dbtools.crest.model.design.Label">
<site>2</site>
<labelBounds x="380" y="616" width="61" height="30"/>
<noBackgroundColor>true</noBackgroundColor>
<noForegroundColor>true</noForegroundColor>
</targetLabel>
<points>
<point x="1320" y="510"/>
<point x="1320" y="480"/>
<point x="380" y="480"/>
<point x="380" y="660"/>
</points>
</Connector>
<Connector class="oracle.dbtools.crest.swingui.logical.TVRelation" oid="CE885F31-C3FF-28A3-7C8F-989F49107643" otype="Relation" vid_source="B006FE84-0A2A-2088-E79A-1E206BA22F68" vid_target="C14C96AB-49AC-DDC2-BB42-8B40C591B05F">
<hideElementsInCurrentOnly>false</hideElementsInCurrentOnly>
<backgroundColor>-16777216</backgroundColor>
<lineWidth>1</lineWidth>
<sourceLabel class="oracle.dbtools.crest.model.design.Label">
<site>0</site>
<labelBounds x="1114" y="559" width="140" height="30"/>
<noBackgroundColor>true</noBackgroundColor>
<noForegroundColor>true</noForegroundColor>
</sourceLabel>
<targetLabel class="oracle.dbtools.crest.model.design.Label">
<site>2</site>
<labelBounds x="1053" y="592" width="83" height="30"/>
<noBackgroundColor>true</noBackgroundColor>
<noForegroundColor>true</noForegroundColor>
</targetLabel>
<points>
<point x="1260" y="589"/>
<point x="1043" y="589"/>
</points>
</Connector>
<Connector class="oracle.dbtools.crest.swingui.logical.TVRelation" oid="D7075438-BF90-0DEB-7517-D6B798F98BB0" otype="Relation" vid_source="7AAB3FF5-5FEA-E82D-F4BD-2EC6529C82EC" vid_target="B3F16A3A-767E-E9E0-B1FD-CF59ACAC1EB0">
<hideElementsInCurrentOnly>false</hideElementsInCurrentOnly>
<backgroundColor>-16777216</backgroundColor>
<lineWidth>1</lineWidth>
<sourceLabel class="oracle.dbtools.crest.model.design.Label">
<site>0</site>
<labelBounds x="1041" y="750" width="62" height="30"/>
<noBackgroundColor>true</noBackgroundColor>
<noForegroundColor>true</noForegroundColor>
</sourceLabel>
<targetLabel class="oracle.dbtools.crest.model.design.Label">
<site>2</site>
<labelBounds x="1149" y="783" width="105" height="30"/>
<noBackgroundColor>true</noBackgroundColor>
<noForegroundColor>true</noForegroundColor>
</targetLabel>
<points>
<point x="1031" y="780"/>
<point x="1260" y="780"/>
</points>
</Connector>
<Connector class="oracle.dbtools.crest.swingui.logical.TVRelation" oid="E1A22295-337D-44E2-9A54-67D4AB412526" otype="Relation" vid_source="8FF7154B-9B33-DE04-9240-EF02FEF5EE57" vid_target="B006FE84-0A2A-2088-E79A-1E206BA22F68">
<hideElementsInCurrentOnly>false</hideElementsInCurrentOnly>
<backgroundColor>-16777216</backgroundColor>
<lineWidth>1</lineWidth>
<sourceLabel class="oracle.dbtools.crest.model.design.Label">
<site>0</site>
<labelBounds x="1496" y="549" width="68" height="30"/>
<noBackgroundColor>true</noBackgroundColor>
<noForegroundColor>true</noForegroundColor>
</sourceLabel>
<targetLabel class="oracle.dbtools.crest.model.design.Label">
<site>2</site>
<labelBounds x="1396" y="582" width="113" height="30"/>
<noBackgroundColor>true</noBackgroundColor>
<noForegroundColor>true</noForegroundColor>
</targetLabel>
<points>
<point x="1570" y="579"/>
<point x="1386" y="579"/>
</points>
</Connector>
<Connector class="oracle.dbtools.crest.swingui.logical.TVRelation" oid="EB73786B-BDF2-434D-E426-A0AE20BED1E4" otype="Relation" vid_source="7AAB3FF5-5FEA-E82D-F4BD-2EC6529C82EC" vid_target="17828728-FABD-014F-956C-0DAF5F2BA67A">
<hideElementsInCurrentOnly>false</hideElementsInCurrentOnly>
<backgroundColor>-16777216</backgroundColor>
<lineWidth>1</lineWidth>
<sourceLabel class="oracle.dbtools.crest.model.design.Label">
<site>0</site>
<labelBounds x="974" y="863" width="101" height="30"/>
<noBackgroundColor>true</noBackgroundColor>
<noForegroundColor>true</noForegroundColor>
</sourceLabel>
<targetLabel class="oracle.dbtools.crest.model.design.Label">
<site>2</site>
<labelBounds x="974" y="914" width="50" height="30"/>
<noBackgroundColor>true</noBackgroundColor>
<noForegroundColor>true</noForegroundColor>
</targetLabel>
<points>
<point x="974" y="811"/>
<point x="974" y="874"/>
<point x="974" y="950"/>
</points>
</Connector>
<Connector class="oracle.dbtools.crest.swingui.logical.TVRelation" oid="EC9CCCAC-3630-C7C7-2301-3094B06ECA06" otype="Relation" vid_source="EF321C27-B8C9-0ABE-799B-E5ED23E81F2A" vid_target="8DEBB15C-9642-F124-7905-0FBCDE51AD3D">
<hideElementsInCurrentOnly>false</hideElementsInCurrentOnly>
<backgroundColor>-16777216</backgroundColor>
<lineWidth>1</lineWidth>
<sourceLabel class="oracle.dbtools.crest.model.design.Label">
<site>0</site>
<labelBounds x="1634" y="967" width="134" height="30"/>
<noBackgroundColor>true</noBackgroundColor>
<noForegroundColor>true</noForegroundColor>
</sourceLabel>
<targetLabel class="oracle.dbtools.crest.model.design.Label">
<site>2</site>
<labelBounds x="1396" y="1017" width="102" height="30"/>
<noBackgroundColor>true</noBackgroundColor>
<noForegroundColor>true</noForegroundColor>
</targetLabel>
<points>
<point x="1634" y="931"/>
<point x="1634" y="1014"/>
<point x="1386" y="1014"/>
</points>
</Connector>
</connectors>
</Diagram>
