<?xml version = '1.0' encoding = 'UTF-8'?>
<Entity class="oracle.dbtools.crest.model.design.logical.Entity" directorySegmentName="seg_0" id="9D94244B-5696-6CEA-0E44-68ACBBF062B9" name="Tory">
<createdBy>adamp</createdBy>
<createdTime>2022-11-13 15:29:52 UTC</createdTime>
<ownerDesignName>relacje</ownerDesignName>
<engineerTo>
<item key="E788BBA5-975B-5C7D-00D5-51C3FD4157DC" value="true"/>
</engineerTo>
<adequatelyNormalized>NO</adequatelyNormalized>
<expectedVolumes>0</expectedVolumes>
<fwdEngineeringStrategyName>Single Table</fwdEngineeringStrategyName>
<growthPercent>0</growthPercent>
<growthType>Year</growthType>
<maxVolumes>9999999</maxVolumes>
<minVolumes>0</minVolumes>
<normalForm>Third</normalForm>
<attributes itemClass="oracle.dbtools.crest.model.design.logical.Attribute">
<Attribute name="nazwa_tor" id="CE783ABF-68DB-F6B7-7AA6-3A264DDDF8F6">
<createdBy>adamp</createdBy>
<createdTime>2022-11-13 15:29:52 UTC</createdTime>
<ownerDesignName>relacje</ownerDesignName>
<importedID>8939AE04-6E55-F52B-A97A-9E640EC18AC6</importedID>
<engineerTo>
<item key="E788BBA5-975B-5C7D-00D5-51C3FD4157DC" value="true"/>
</engineerTo>
<useDomainConstraints>false</useDomainConstraints>
<use>1</use>
<logicalDatatype>LOGDT024</logicalDatatype>
<dataTypeSize>64</dataTypeSize>
<ownDataTypeParameters>64,,</ownDataTypeParameters>
</Attribute>
<Attribute name="dlugosc" id="60A0DA12-E27D-E3A1-4FB8-1E9CACB0BE25">
<createdBy>adamp</createdBy>
<createdTime>2022-11-13 15:29:52 UTC</createdTime>
<ownerDesignName>relacje</ownerDesignName>
<importedID>0EEFB2A1-ABA4-7208-FF57-82E16FBB4C62</importedID>
<engineerTo>
<item key="E788BBA5-975B-5C7D-00D5-51C3FD4157DC" value="true"/>
</engineerTo>
<useDomainConstraints>false</useDomainConstraints>
<use>1</use>
<logicalDatatype>LOGDT019</logicalDatatype>
<ownDataTypeParameters>,,</ownDataTypeParameters>
</Attribute>
<Attribute name="kraj_tor" id="E65DF94D-C3B8-57C4-36A9-9F9B197FEF14">
<createdBy>adamp</createdBy>
<createdTime>2022-11-13 15:58:51 UTC</createdTime>
<ownerDesignName>relacje</ownerDesignName>
<engineerTo>
<item key="E788BBA5-975B-5C7D-00D5-51C3FD4157DC" value="true"/>
</engineerTo>
<useDomainConstraints>false</useDomainConstraints>
<use>1</use>
<logicalDatatype>LOGDT024</logicalDatatype>
<dataTypeSize>64</dataTypeSize>
<ownDataTypeParameters>64,,</ownDataTypeParameters>
</Attribute>
<Attribute name="adres" id="D3BA9439-EE68-98FF-C087-5FE18F018F4E">
<createdBy>adamp</createdBy>
<createdTime>2022-11-13 16:01:37 UTC</createdTime>
<ownerDesignName>relacje</ownerDesignName>
<engineerTo>
<item key="E788BBA5-975B-5C7D-00D5-51C3FD4157DC" value="true"/>
</engineerTo>
<nullsAllowed>true</nullsAllowed>
<useDomainConstraints>false</useDomainConstraints>
<use>1</use>
<logicalDatatype>LOGDT024</logicalDatatype>
<dataTypeSize>255</dataTypeSize>
<ownDataTypeParameters>255,,</ownDataTypeParameters>
</Attribute>
<Attribute name="data_otw" id="92920097-1577-8002-FA9B-5E11EE61C318">
<createdBy>adamp</createdBy>
<createdTime>2022-11-13 15:58:28 UTC</createdTime>
<ownerDesignName>relacje</ownerDesignName>
<engineerTo>
<item key="E788BBA5-975B-5C7D-00D5-51C3FD4157DC" value="true"/>
</engineerTo>
<nullsAllowed>true</nullsAllowed>
<useDomainConstraints>false</useDomainConstraints>
<use>1</use>
<logicalDatatype>LOGDT007</logicalDatatype>
<ownDataTypeParameters>,,</ownDataTypeParameters>
</Attribute>
<Attribute name="pojemnosc" id="4CE8501E-B921-1A11-B0B4-DDD346332551">
<createdBy>adamp</createdBy>
<createdTime>2022-11-13 16:01:59 UTC</createdTime>
<ownerDesignName>relacje</ownerDesignName>
<engineerTo>
<item key="E788BBA5-975B-5C7D-00D5-51C3FD4157DC" value="true"/>
</engineerTo>
<nullsAllowed>true</nullsAllowed>
<useDomainConstraints>false</useDomainConstraints>
<use>1</use>
<logicalDatatype>LOGDT019</logicalDatatype>
<ownDataTypeParameters>,,</ownDataTypeParameters>
</Attribute>
</attributes>
<identifiers itemClass="oracle.dbtools.crest.model.design.logical.CandidateKey">
<identifier id="9A3B7B8A-278E-E18D-5FAA-CD8AD48A6FDF" name="Tory wyścigowe PK">
<createdBy>adamp</createdBy>
<createdTime>2022-11-13 15:29:52 UTC</createdTime>
<ownerDesignName>relacje</ownerDesignName>
<shouldEngineer>false</shouldEngineer>
<engineerTo>
<item key="E788BBA5-975B-5C7D-00D5-51C3FD4157DC" value="false"/>
</engineerTo>
<pk>true</pk>
<usedAttributes>
<attributeRef>CE783ABF-68DB-F6B7-7AA6-3A264DDDF8F6</attributeRef>
</usedAttributes>
</identifier>
</identifiers>
</Entity>