<?xml version = '1.0' encoding = 'UTF-8'?>
<FKIndexAssociation class="oracle.dbtools.crest.model.design.relational.FKIndexAssociation" directorySegmentName="seg_0" id="08250B9F-DE58-4B2E-8A2B-28589870DDC1" containerWithKeyObject="4B2B0F97-3976-B5FD-DADD-4155F859758B" localFKIndex="725273BA-5762-2270-0745-AE4F2C61C95A" name="Wyscigi_Tory_FK">
<createdBy>adamp</createdBy>
<createdTime>2022-12-11 22:02:06 UTC</createdTime>
<generatorID>EC9CCCAC-3630-C7C7-2301-3094B06ECA06</generatorID>
<ownerDesignName>relacje</ownerDesignName>
<referredTableLongName>Tory</referredTableLongName>
<deleteRule>NO ACTION</deleteRule>
<referredTableID>9362E287-7800-A1D6-B10A-08AF26A18A04</referredTableID>
<keyObject>DC4EE057-2454-EE61-A37C-E88B61CD3275</keyObject>
<referredKeyID>DC4EE057-2454-EE61-A37C-E88B61CD3275</referredKeyID>
<mandatory>true</mandatory>
<refColNames>nazwa_tor</refColNames>
<transferable>true</transferable>
<rely>false</rely>
<columnDependencyConstraintGenerateInDDL>true</columnDependencyConstraintGenerateInDDL>
</FKIndexAssociation>