<?xml version = '1.0' encoding = 'UTF-8'?>
<FKIndexAssociation class="oracle.dbtools.crest.model.design.relational.FKIndexAssociation" directorySegmentName="seg_0" id="2EFCB6D7-98DB-3A24-493A-75C55CCC1D57" containerWithKeyObject="F3359213-92EB-130C-24B0-084D3E6AD8B9" localFKIndex="00F89892-0B2E-67BC-B067-4C231C83ADEE" name="Sponsor_Zespol_Sponsorzy_FK">
<createdBy>adamp</createdBy>
<createdTime>2022-12-11 22:02:06 UTC</createdTime>
<generatorID>E1A22295-337D-44E2-9A54-67D4AB412526</generatorID>
<ownerDesignName>relacje</ownerDesignName>
<referredTableLongName>Sponsorzy</referredTableLongName>
<deleteRule>NO ACTION</deleteRule>
<referredTableID>396299EE-6012-9339-FEE5-CC9318628937</referredTableID>
<keyObject>4A0B536A-99D4-4C60-674C-3F8A85E760D2</keyObject>
<referredKeyID>4A0B536A-99D4-4C60-674C-3F8A85E760D2</referredKeyID>
<mandatory>true</mandatory>
<refColNames>lei</refColNames>
<transferable>true</transferable>
<rely>false</rely>
<columnDependencyConstraintGenerateInDDL>true</columnDependencyConstraintGenerateInDDL>
</FKIndexAssociation>