<?xml version = '1.0' encoding = 'UTF-8'?>
<FKIndexAssociation class="oracle.dbtools.crest.model.design.relational.FKIndexAssociation" directorySegmentName="seg_0" id="4E0A02D6-46CC-AAA1-5920-45103775E320" containerWithKeyObject="9580A5A5-39EE-E260-DCF9-F27269983B75" localFKIndex="F677355B-124B-DDFE-CAB1-0D698235B7C3" name="Wyniki_Wyscigi_FK">
<createdBy>adamp</createdBy>
<createdTime>2022-12-11 22:02:06 UTC</createdTime>
<generatorID>0CE469F3-16A5-BE8C-9071-5B5BFC47453F</generatorID>
<ownerDesignName>relacje</ownerDesignName>
<referredTableLongName>Wyscigi</referredTableLongName>
<deleteRule>NO ACTION</deleteRule>
<referredTableID>4B2B0F97-3976-B5FD-DADD-4155F859758B</referredTableID>
<keyObject>E013F640-424C-69E9-6E18-762D5D98D3AB</keyObject>
<referredKeyID>E013F640-424C-69E9-6E18-762D5D98D3AB</referredKeyID>
<mandatory>true</mandatory>
<refColNames>nazwa_wys</refColNames>
<transferable>true</transferable>
<rely>false</rely>
<columnDependencyConstraintGenerateInDDL>true</columnDependencyConstraintGenerateInDDL>
</FKIndexAssociation>