<?xml version = '1.0' encoding = 'UTF-8'?>
<FKIndexAssociation class="oracle.dbtools.crest.model.design.relational.FKIndexAssociation" directorySegmentName="seg_0" id="4FBB4F77-AA26-B928-561D-46093F269B22" containerWithKeyObject="4A4C4262-B9A3-8048-889A-356C23E2D95E" localFKIndex="20537B40-A583-BC69-DE19-F9ABDCBF209B" name="Kierowcy_Model_FK">
<createdBy>adamp</createdBy>
<createdTime>2022-12-11 22:02:06 UTC</createdTime>
<generatorID>2EA818C6-9E57-6AF5-16A1-312CB52F1C6B</generatorID>
<ownerDesignName>relacje</ownerDesignName>
<referredTableLongName>Model</referredTableLongName>
<deleteRule>NO ACTION</deleteRule>
<referredTableID>B312CEFA-3D46-452B-EDEF-DB12DA576940</referredTableID>
<keyObject>E5948E32-C9C3-8939-85E2-B03ADB2BC3F5</keyObject>
<referredKeyID>E5948E32-C9C3-8939-85E2-B03ADB2BC3F5</referredKeyID>
<mandatory>true</mandatory>
<refColNames>model_ID</refColNames>
<transferable>true</transferable>
<rely>false</rely>
<columnDependencyConstraintGenerateInDDL>true</columnDependencyConstraintGenerateInDDL>
</FKIndexAssociation>