<?xml version = '1.0' encoding = 'UTF-8'?>
<FKIndexAssociation class="oracle.dbtools.crest.model.design.relational.FKIndexAssociation" directorySegmentName="seg_0" id="5120FD62-3FEA-3D3A-66C7-E5B9AF09D0F9" containerWithKeyObject="F3359213-92EB-130C-24B0-084D3E6AD8B9" localFKIndex="A184792E-6AAA-4E4F-7671-8AFC040D2EEA" name="Sponsor_Zespol_Zespoly_FK">
<createdBy>adamp</createdBy>
<createdTime>2022-12-11 22:02:06 UTC</createdTime>
<generatorID>E1A22295-337D-44E2-9A54-67D4AB412526</generatorID>
<ownerDesignName>relacje</ownerDesignName>
<referredTableLongName>Zespoly</referredTableLongName>
<deleteRule>NO ACTION</deleteRule>
<referredTableID>7D8A5D42-9D53-B528-DB8B-4A25EFE1A411</referredTableID>
<keyObject>4C9BF359-347B-5C67-1FCE-4C25EE3AE725</keyObject>
<referredKeyID>4C9BF359-347B-5C67-1FCE-4C25EE3AE725</referredKeyID>
<mandatory>true</mandatory>
<refColNames>nazwa_zesp</refColNames>
<transferable>true</transferable>
<rely>false</rely>
<columnDependencyConstraintGenerateInDDL>true</columnDependencyConstraintGenerateInDDL>
</FKIndexAssociation>