<?xml version = '1.0' encoding = 'UTF-8'?>
<FKIndexAssociation class="oracle.dbtools.crest.model.design.relational.FKIndexAssociation" directorySegmentName="seg_0" id="5E202641-D9E5-B65F-2EE5-4709180810F9" containerWithKeyObject="4A4C4262-B9A3-8048-889A-356C23E2D95E" localFKIndex="65781CF4-5097-B8E3-66AD-E7B6F0D48650" name="Kierowcy_Pracownicy_FK">
<createdBy>adamp</createdBy>
<createdTime>2022-12-11 22:02:05 UTC</createdTime>
<generatorID>4CD100DD-E8D9-11CB-2CCA-51F1CEDF1D32</generatorID>
<ownerDesignName>relacje</ownerDesignName>
<referredTableLongName>Pracownicy</referredTableLongName>
<arc>5E9F4EE1-3727-F438-BE35-41D35020D6A0</arc>
<deleteRule>NO ACTION</deleteRule>
<referredTableID>76BE918A-DFF8-3331-F254-85144A51C932</referredTableID>
<keyObject>2C98A318-F8DD-AEC2-8FEE-BBDDE1062D69</keyObject>
<referredKeyID>2C98A318-F8DD-AEC2-8FEE-BBDDE1062D69</referredKeyID>
<mandatory>true</mandatory>
<refColNames>pesel</refColNames>
<transferable>true</transferable>
<rely>false</rely>
<discriminatorValue>kierowca</discriminatorValue>
<columnDependencyConstraintGenerateInDDL>true</columnDependencyConstraintGenerateInDDL>
</FKIndexAssociation>
