<?xml version = '1.0' encoding = 'UTF-8'?>
<FKIndexAssociation class="oracle.dbtools.crest.model.design.relational.FKIndexAssociation" directorySegmentName="seg_0" id="69700FEF-7064-9392-2138-A960B175F370" containerWithKeyObject="B1A7A12E-83A4-EC3F-A162-B1A36311C45D" localFKIndex="14F357E0-2013-D488-6889-7066902B1D49" name="Samochody_Zespoly_FK">
<createdBy>adamp</createdBy>
<createdTime>2022-12-11 22:02:06 UTC</createdTime>
<generatorID>B5D75EF3-B317-3501-18F8-A499FC6FA779</generatorID>
<ownerDesignName>relacje</ownerDesignName>
<referredTableLongName>Zespoly</referredTableLongName>
<deleteRule>NO ACTION</deleteRule>
<referredTableID>7D8A5D42-9D53-B528-DB8B-4A25EFE1A411</referredTableID>
<keyObject>4C9BF359-347B-5C67-1FCE-4C25EE3AE725</keyObject>
<referredKeyID>4C9BF359-347B-5C67-1FCE-4C25EE3AE725</referredKeyID>
<mandatory>true</mandatory>
<refColNames>nazwa_zesp</refColNames>
<transferable>true</transferable>
<rely>false</rely>
<columnDependencyConstraintGenerateInDDL>true</columnDependencyConstraintGenerateInDDL>
</FKIndexAssociation>