<?xml version = '1.0' encoding = 'UTF-8'?>
<FKIndexAssociation class="oracle.dbtools.crest.model.design.relational.FKIndexAssociation" directorySegmentName="seg_0" id="6BF29BD8-2071-2D51-E002-65DBCF865AA0" containerWithKeyObject="9580A5A5-39EE-E260-DCF9-F27269983B75" localFKIndex="DEEF648D-D2F8-A938-4854-F21FE87C7B5B" name="Wyniki_Kierowcy_FK">
<createdBy>adamp</createdBy>
<createdTime>2022-12-11 22:02:05 UTC</createdTime>
<generatorID>EB73786B-BDF2-434D-E426-A0AE20BED1E4</generatorID>
<ownerDesignName>relacje</ownerDesignName>
<referredTableLongName>Kierowcy</referredTableLongName>
<deleteRule>NO ACTION</deleteRule>
<referredTableID>4A4C4262-B9A3-8048-889A-356C23E2D95E</referredTableID>
<keyObject>755367D3-F9CD-19BA-28C4-68D49D4DA17F</keyObject>
<referredKeyID>755367D3-F9CD-19BA-28C4-68D49D4DA17F</referredKeyID>
<mandatory>true</mandatory>
<refColNames>pesel</refColNames>
<transferable>true</transferable>
<rely>false</rely>
<columnDependencyConstraintGenerateInDDL>true</columnDependencyConstraintGenerateInDDL>
</FKIndexAssociation>