<?xml version = '1.0' encoding = 'UTF-8'?>
<FKIndexAssociation class="oracle.dbtools.crest.model.design.relational.FKIndexAssociation" directorySegmentName="seg_0" id="74CEC919-B42B-6DF3-7537-1D72AA35F71D" containerWithKeyObject="8937FEF7-D6CC-9F58-FA6C-B0B4C416348B" localFKIndex="50347D04-8E36-C6D9-270A-D7666A19587F" name="Rekordy_Wyscigi_FK">
<createdBy>adamp</createdBy>
<createdTime>2022-12-11 22:02:06 UTC</createdTime>
<generatorID>4E8C3859-837C-6F41-3B66-84EB1800AF86</generatorID>
<ownerDesignName>relacje</ownerDesignName>
<referredTableLongName>Wyscigi</referredTableLongName>
<deleteRule>NO ACTION</deleteRule>
<referredTableID>4B2B0F97-3976-B5FD-DADD-4155F859758B</referredTableID>
<keyObject>E013F640-424C-69E9-6E18-762D5D98D3AB</keyObject>
<referredKeyID>E013F640-424C-69E9-6E18-762D5D98D3AB</referredKeyID>
<mandatory>true</mandatory>
<refColNames>nazwa_wys</refColNames>
<transferable>true</transferable>
<rely>false</rely>
<columnDependencyConstraintGenerateInDDL>true</columnDependencyConstraintGenerateInDDL>
</FKIndexAssociation>