<?xml version = '1.0' encoding = 'UTF-8'?>
<FKIndexAssociation class="oracle.dbtools.crest.model.design.relational.FKIndexAssociation" directorySegmentName="seg_0" id="96000F6A-D09E-5D97-25AC-03DBD8F5953C" containerWithKeyObject="E51DB5BE-B872-D2EF-D60D-4C4E34AA1CF2" localFKIndex="F011EA8C-2956-9844-D6E7-72F5E7578531" name="Mechanik_Pracownicy_FK">
<createdBy>adamp</createdBy>
<createdTime>2022-12-11 22:02:05 UTC</createdTime>
<generatorID>23B194D5-622F-B64E-B9BC-0DD3DB6C5AB8</generatorID>
<ownerDesignName>relacje</ownerDesignName>
<referredTableLongName>Pracownicy</referredTableLongName>
<arc>5E9F4EE1-3727-F438-BE35-41D35020D6A0</arc>
<deleteRule>NO ACTION</deleteRule>
<referredTableID>76BE918A-DFF8-3331-F254-85144A51C932</referredTableID>
<keyObject>2C98A318-F8DD-AEC2-8FEE-BBDDE1062D69</keyObject>
<referredKeyID>2C98A318-F8DD-AEC2-8FEE-BBDDE1062D69</referredKeyID>
<mandatory>true</mandatory>
<refColNames>pesel</refColNames>
<transferable>true</transferable>
<rely>false</rely>
<discriminatorValue>mechanik</discriminatorValue>
<columnDependencyConstraintGenerateInDDL>true</columnDependencyConstraintGenerateInDDL>
</FKIndexAssociation>
