<?xml version = '1.0' encoding = 'UTF-8'?>
<FKIndexAssociation class="oracle.dbtools.crest.model.design.relational.FKIndexAssociation" directorySegmentName="seg_0" id="B19CC5B7-4C4D-D67B-9A0B-6249268C20A3" containerWithKeyObject="BFB05ADB-7B07-CA8E-B8B8-F7EE6EA69AA3" localFKIndex="637C45C5-5B18-487D-1545-B3CFD225CECA" name="Mechanik_serwis_Mechanik_FK">
<createdBy>adamp</createdBy>
<createdTime>2022-12-11 22:02:06 UTC</createdTime>
<generatorID>84C30F45-5B79-9F5B-4645-B7F0E1C39DC4</generatorID>
<ownerDesignName>relacje</ownerDesignName>
<referredTableLongName>Mechanik</referredTableLongName>
<deleteRule>NO ACTION</deleteRule>
<referredTableID>E51DB5BE-B872-D2EF-D60D-4C4E34AA1CF2</referredTableID>
<keyObject>947AE4C5-6862-F41C-5F33-07E5A0F836A5</keyObject>
<referredKeyID>947AE4C5-6862-F41C-5F33-07E5A0F836A5</referredKeyID>
<mandatory>true</mandatory>
<refColNames>pesel</refColNames>
<transferable>true</transferable>
<rely>false</rely>
<columnDependencyConstraintGenerateInDDL>true</columnDependencyConstraintGenerateInDDL>
</FKIndexAssociation>