<?xml version = '1.0' encoding = 'UTF-8'?>
<FKIndexAssociation class="oracle.dbtools.crest.model.design.relational.FKIndexAssociation" directorySegmentName="seg_0" id="B88811B0-DD24-6ECD-6742-A78977002887" containerWithKeyObject="B1A7A12E-83A4-EC3F-A162-B1A36311C45D" localFKIndex="EFF0183E-E294-AE33-5C1C-960CBE155DD5" name="Samochody_Model_FK">
<createdBy>adamp</createdBy>
<createdTime>2022-12-11 22:02:06 UTC</createdTime>
<generatorID>AF648BF3-201A-6768-AE7F-932BFBB1C76F</generatorID>
<ownerDesignName>relacje</ownerDesignName>
<referredTableLongName>Model</referredTableLongName>
<deleteRule>NO ACTION</deleteRule>
<referredTableID>B312CEFA-3D46-452B-EDEF-DB12DA576940</referredTableID>
<keyObject>E5948E32-C9C3-8939-85E2-B03ADB2BC3F5</keyObject>
<referredKeyID>E5948E32-C9C3-8939-85E2-B03ADB2BC3F5</referredKeyID>
<mandatory>true</mandatory>
<refColNames>model_ID</refColNames>
<transferable>true</transferable>
<rely>false</rely>
<columnDependencyConstraintGenerateInDDL>true</columnDependencyConstraintGenerateInDDL>
</FKIndexAssociation>