<?xml version = '1.0' encoding = 'UTF-8'?>
<FKIndexAssociation class="oracle.dbtools.crest.model.design.relational.FKIndexAssociation" directorySegmentName="seg_0" id="C890F425-0375-24FD-A192-C3242EF96694" containerWithKeyObject="A997643B-389A-574E-A1A8-F99BB0C7E6A7" localFKIndex="7868A0FA-34E0-D9E6-E977-3B5AFCDC8450" name="Serwis_Samochody_FK">
<createdBy>adamp</createdBy>
<createdTime>2022-12-11 22:02:06 UTC</createdTime>
<generatorID>4BEFF2D5-1862-5191-C561-EEEE71AFBFB8</generatorID>
<ownerDesignName>relacje</ownerDesignName>
<referredTableLongName>Samochody</referredTableLongName>
<deleteRule>NO ACTION</deleteRule>
<referredTableID>B1A7A12E-83A4-EC3F-A162-B1A36311C45D</referredTableID>
<keyObject>B560D356-8970-78CA-25ED-ADA95ADB3AD8</keyObject>
<referredKeyID>B560D356-8970-78CA-25ED-ADA95ADB3AD8</referredKeyID>
<mandatory>true</mandatory>
<refColNames>vin</refColNames>
<transferable>true</transferable>
<rely>false</rely>
<columnDependencyConstraintGenerateInDDL>true</columnDependencyConstraintGenerateInDDL>
</FKIndexAssociation>