<?xml version = '1.0' encoding = 'UTF-8'?>
<FKIndexAssociation class="oracle.dbtools.crest.model.design.relational.FKIndexAssociation" directorySegmentName="seg_0" id="D0CF4CF4-F4C0-80A4-CA83-094DB0677CAD" containerWithKeyObject="96AACF4D-B007-6709-3FDD-67B0634AE8E8" localFKIndex="7AC558F5-7A63-D8AD-72FE-777482D088BF" name="Trener_Pracownicy_FK">
<createdBy>adamp</createdBy>
<createdTime>2022-12-11 22:02:05 UTC</createdTime>
<generatorID>44B09507-FF15-252E-B335-763C43C2ADCD</generatorID>
<ownerDesignName>relacje</ownerDesignName>
<referredTableLongName>Pracownicy</referredTableLongName>
<arc>5E9F4EE1-3727-F438-BE35-41D35020D6A0</arc>
<deleteRule>NO ACTION</deleteRule>
<referredTableID>76BE918A-DFF8-3331-F254-85144A51C932</referredTableID>
<keyObject>2C98A318-F8DD-AEC2-8FEE-BBDDE1062D69</keyObject>
<referredKeyID>2C98A318-F8DD-AEC2-8FEE-BBDDE1062D69</referredKeyID>
<mandatory>true</mandatory>
<refColNames>pesel</refColNames>
<transferable>true</transferable>
<rely>false</rely>
<discriminatorValue>trener</discriminatorValue>
<columnDependencyConstraintGenerateInDDL>true</columnDependencyConstraintGenerateInDDL>
</FKIndexAssociation>
