<?xml version = '1.0' encoding = 'UTF-8'?>
<FKIndexAssociation class="oracle.dbtools.crest.model.design.relational.FKIndexAssociation" directorySegmentName="seg_0" id="D791A0B0-5DA6-3E0D-AF78-C07F5833736D" containerWithKeyObject="BFB05ADB-7B07-CA8E-B8B8-F7EE6EA69AA3" localFKIndex="7A66D0BC-8617-B6BE-21FD-B9B58A0719A1" name="Mechanik_serwis_Serwis_FK">
<createdBy>adamp</createdBy>
<createdTime>2022-12-11 22:02:06 UTC</createdTime>
<generatorID>84C30F45-5B79-9F5B-4645-B7F0E1C39DC4</generatorID>
<ownerDesignName>relacje</ownerDesignName>
<referredTableLongName>Serwis</referredTableLongName>
<deleteRule>NO ACTION</deleteRule>
<referredTableID>A997643B-389A-574E-A1A8-F99BB0C7E6A7</referredTableID>
<keyObject>7D911C57-3397-DF80-7DD3-09F9A9793DEF</keyObject>
<referredKeyID>7D911C57-3397-DF80-7DD3-09F9A9793DEF</referredKeyID>
<mandatory>true</mandatory>
<refColNames>Samochody_vin,data_rozp</refColNames>
<transferable>true</transferable>
<rely>false</rely>
<columnDependencyConstraintGenerateInDDL>true</columnDependencyConstraintGenerateInDDL>
</FKIndexAssociation>