<?xml version = '1.0' encoding = 'UTF-8'?>
<FKIndexAssociation class="oracle.dbtools.crest.model.design.relational.FKIndexAssociation" directorySegmentName="seg_0" id="DEAC56D4-6A0C-4924-A6FD-09DBCDC14DDE" containerWithKeyObject="8937FEF7-D6CC-9F58-FA6C-B0B4C416348B" localFKIndex="1A984886-5214-E650-004C-34EB8D81890C" name="Rekordy_Kierowcy_FK">
<createdBy>adamp</createdBy>
<createdTime>2022-12-11 22:02:05 UTC</createdTime>
<generatorID>D7075438-BF90-0DEB-7517-D6B798F98BB0</generatorID>
<ownerDesignName>relacje</ownerDesignName>
<referredTableLongName>Kierowcy</referredTableLongName>
<deleteRule>NO ACTION</deleteRule>
<referredTableID>4A4C4262-B9A3-8048-889A-356C23E2D95E</referredTableID>
<keyObject>755367D3-F9CD-19BA-28C4-68D49D4DA17F</keyObject>
<referredKeyID>755367D3-F9CD-19BA-28C4-68D49D4DA17F</referredKeyID>
<mandatory>true</mandatory>
<refColNames>pesel</refColNames>
<transferable>true</transferable>
<rely>false</rely>
<columnDependencyConstraintGenerateInDDL>true</columnDependencyConstraintGenerateInDDL>
</FKIndexAssociation>