<?xml version = '1.0' encoding = 'UTF-8'?>
<FKIndexAssociation class="oracle.dbtools.crest.model.design.relational.FKIndexAssociation" directorySegmentName="seg_0" id="E38439DE-CDFC-EEDC-B13D-58D1744CEF02" containerWithKeyObject="76BE918A-DFF8-3331-F254-85144A51C932" localFKIndex="C4C41639-B1ED-2B6E-2389-9BEEB6EA1780" name="Pracownicy_Zespoly_FK">
<createdBy>adamp</createdBy>
<createdTime>2022-12-11 22:02:06 UTC</createdTime>
<generatorID>CE885F31-C3FF-28A3-7C8F-989F49107643</generatorID>
<ownerDesignName>relacje</ownerDesignName>
<referredTableLongName>Zespoly</referredTableLongName>
<deleteRule>NO ACTION</deleteRule>
<referredTableID>7D8A5D42-9D53-B528-DB8B-4A25EFE1A411</referredTableID>
<keyObject>4C9BF359-347B-5C67-1FCE-4C25EE3AE725</keyObject>
<referredKeyID>4C9BF359-347B-5C67-1FCE-4C25EE3AE725</referredKeyID>
<mandatory>true</mandatory>
<refColNames>nazwa_zesp</refColNames>
<transferable>true</transferable>
<rely>false</rely>
<columnDependencyConstraintGenerateInDDL>true</columnDependencyConstraintGenerateInDDL>
</FKIndexAssociation>