<?xml version = '1.0' encoding = 'UTF-8'?>
<FKIndexAssociation class="oracle.dbtools.crest.model.design.relational.FKIndexAssociation" directorySegmentName="seg_0" id="EF5DB6DD-EFD9-F828-78FC-46A3164EB3FA" containerWithKeyObject="07AFD036-F029-D94D-D83C-B37FB81058D9" localFKIndex="1F73D6DF-5FB6-5B51-841A-FCD15C48214A" name="Inzynier_Pracownicy_FK">
<createdBy>adamp</createdBy>
<createdTime>2022-12-11 22:02:05 UTC</createdTime>
<generatorID>0ED1E469-8B03-736D-DD36-4E35F055DC47</generatorID>
<ownerDesignName>relacje</ownerDesignName>
<referredTableLongName>Pracownicy</referredTableLongName>
<arc>5E9F4EE1-3727-F438-BE35-41D35020D6A0</arc>
<deleteRule>NO ACTION</deleteRule>
<referredTableID>76BE918A-DFF8-3331-F254-85144A51C932</referredTableID>
<keyObject>2C98A318-F8DD-AEC2-8FEE-BBDDE1062D69</keyObject>
<referredKeyID>2C98A318-F8DD-AEC2-8FEE-BBDDE1062D69</referredKeyID>
<mandatory>true</mandatory>
<refColNames>pesel</refColNames>
<transferable>true</transferable>
<rely>false</rely>
<discriminatorValue>inzynier</discriminatorValue>
<columnDependencyConstraintGenerateInDDL>true</columnDependencyConstraintGenerateInDDL>
</FKIndexAssociation>
