<?xml version = '1.0' encoding = 'UTF-8'?>
<Table class="oracle.dbtools.crest.model.design.relational.Table" directorySegmentName="seg_0" id="07AFD036-F029-D94D-D83C-B37FB81058D9" name="Inzynier">
<createdBy>adamp</createdBy>
<createdTime>2022-12-11 22:02:05 UTC</createdTime>
<generatorID>AC588741-08AF-0043-D517-1B2AD01C2985</generatorID>
<ownerDesignName>relacje</ownerDesignName>
<allowColumnReorder>false</allowColumnReorder>
<existDependencyGenerateInDDl>true</existDependencyGenerateInDDl>
<parsed>true</parsed>
<columns itemClass="oracle.dbtools.crest.model.design.relational.Column">
<Column name="pesel" id="297F4FB8-A669-910F-2BEE-D4FBCD30FF8B">
<createdBy>adamp</createdBy>
<createdTime>2022-12-11 22:02:05 UTC</createdTime>
<generatorID>1D5E884A-56EB-C794-B7DD-A147A172F117</generatorID>
<ownerDesignName>relacje</ownerDesignName>
<useDomainConstraints>false</useDomainConstraints>
<use>1</use>
<logicalDatatype>LOGDT024</logicalDatatype>
<dataTypeSize>11</dataTypeSize>
<ownDataTypeParameters>11,,</ownDataTypeParameters>
<autoIncrementCycle>false</autoIncrementCycle>
<associations>
<colAssociation fkAssociation="EF5DB6DD-EFD9-F828-78FC-46A3164EB3FA" referredColumn="47185574-A783-BD35-CAAB-730E57BF9827"/>
</associations>
</Column>
<Column name="nazwa_uczel" id="AFCE0E3F-7BA8-0FD8-F5A0-27360F8E0026">
<createdBy>adamp</createdBy>
<createdTime>2022-12-11 22:02:05 UTC</createdTime>
<generatorID>C1C96780-FBFE-4557-47CB-B6B4BB8FCE05</generatorID>
<ownerDesignName>relacje</ownerDesignName>
<useDomainConstraints>false</useDomainConstraints>
<use>1</use>
<logicalDatatype>LOGDT024</logicalDatatype>
<dataTypeSize>64</dataTypeSize>
<ownDataTypeParameters>64,,</ownDataTypeParameters>
<autoIncrementCycle>false</autoIncrementCycle>
</Column>
<Column name="spec" id="47A4F8B6-8524-46DF-5634-7DB62FB5F102">
<createdBy>adamp</createdBy>
<createdTime>2022-12-11 22:02:05 UTC</createdTime>
<generatorID>4DF5A095-FD14-EAC1-F636-EEDFC974B842</generatorID>
<ownerDesignName>relacje</ownerDesignName>
<useDomainConstraints>false</useDomainConstraints>
<use>1</use>
<logicalDatatype>LOGDT024</logicalDatatype>
<dataTypeSize>64</dataTypeSize>
<ownDataTypeParameters>64,,</ownDataTypeParameters>
<autoIncrementCycle>false</autoIncrementCycle>
</Column>
</columns>
<indexes itemClass="oracle.dbtools.crest.model.design.relational.Index">
<ind_PK_UK id="A917D8E2-302D-0E4D-F8C6-83A9A20C4050" name="Inzynier_PK">
<createdBy>adamp</createdBy>
<createdTime>2022-12-11 22:02:05 UTC</createdTime>
<generatorID>C4294240-4C4F-DFF3-D6D5-E63CEA8A1F54</generatorID>
<ownerDesignName>relacje</ownerDesignName>
<pk>true</pk>
<indexState>Primary Constraint</indexState>
<isSurrogateKey>false</isSurrogateKey>
<indexColumnUsage>
<colUsage columnID="297F4FB8-A669-910F-2BEE-D4FBCD30FF8B"/>
</indexColumnUsage>
</ind_PK_UK>
<ind_PK_UK id="1F73D6DF-5FB6-5B51-841A-FCD15C48214A" name="Inzynier_Pracownicy_FK">
<createdBy>adamp</createdBy>
<createdTime>2022-12-11 22:02:05 UTC</createdTime>
<generatorID>0ED1E469-8B03-736D-DD36-4E35F055DC47</generatorID>
<ownerDesignName>relacje</ownerDesignName>
<indexState>Foreign Key</indexState>
<isSurrogateKey>false</isSurrogateKey>
<indexColumnUsage>
<colUsage columnID="297F4FB8-A669-910F-2BEE-D4FBCD30FF8B"/>
</indexColumnUsage>
</ind_PK_UK>
</indexes>
</Table>
