<?xml version = '1.0' encoding = 'UTF-8'?>
<Table class="oracle.dbtools.crest.model.design.relational.Table" directorySegmentName="seg_0" id="396299EE-6012-9339-FEE5-CC9318628937" name="Sponsorzy">
<createdBy>adamp</createdBy>
<createdTime>2022-12-11 22:02:05 UTC</createdTime>
<generatorID>34C560CD-5EF3-14AC-9348-A7FC82E0C8D4</generatorID>
<ownerDesignName>relacje</ownerDesignName>
<allowColumnReorder>false</allowColumnReorder>
<existDependencyGenerateInDDl>true</existDependencyGenerateInDDl>
<parsed>true</parsed>
<columns itemClass="oracle.dbtools.crest.model.design.relational.Column">
<Column name="lei" id="2A6F2133-8893-D938-3588-49B648F77BA6">
<createdBy>adamp</createdBy>
<createdTime>2022-12-11 22:02:05 UTC</createdTime>
<generatorID>F58A9BA3-16E0-19E9-5F6E-2FE3534F9FE3</generatorID>
<ownerDesignName>relacje</ownerDesignName>
<useDomainConstraints>false</useDomainConstraints>
<use>1</use>
<logicalDatatype>LOGDT024</logicalDatatype>
<dataTypeSize>20</dataTypeSize>
<ownDataTypeParameters>20,,</ownDataTypeParameters>
<autoIncrementCycle>false</autoIncrementCycle>
</Column>
<Column name="nazwa_spon" id="CABFDF95-498D-ABBA-CD4F-7C1D1184E370">
<createdBy>adamp</createdBy>
<createdTime>2022-12-11 22:02:05 UTC</createdTime>
<generatorID>09DE33DB-5EF7-35B7-6A35-2B97B9266C3E</generatorID>
<ownerDesignName>relacje</ownerDesignName>
<useDomainConstraints>false</useDomainConstraints>
<use>1</use>
<logicalDatatype>LOGDT024</logicalDatatype>
<dataTypeSize>32</dataTypeSize>
<ownDataTypeParameters>32,,</ownDataTypeParameters>
<autoIncrementCycle>false</autoIncrementCycle>
</Column>
<Column name="kraj_spon" id="6BC7B3A5-8450-3FC1-E5AB-336B0C72A80C">
<createdBy>adamp</createdBy>
<createdTime>2022-12-11 22:02:05 UTC</createdTime>
<generatorID>5C263E62-1BAF-30AC-3522-06408AFA5783</generatorID>
<ownerDesignName>relacje</ownerDesignName>
<useDomainConstraints>false</useDomainConstraints>
<use>1</use>
<logicalDatatype>LOGDT024</logicalDatatype>
<dataTypeSize>32</dataTypeSize>
<ownDataTypeParameters>32,,</ownDataTypeParameters>
<autoIncrementCycle>false</autoIncrementCycle>
</Column>
<Column name="kapital" id="30468AF1-6235-6B02-548B-CAE4FC4809C1">
<createdBy>adamp</createdBy>
<createdTime>2022-12-11 22:02:05 UTC</createdTime>
<generatorID>F6E6B0AA-14D3-0E74-228D-19C79499958E</generatorID>
<ownerDesignName>relacje</ownerDesignName>
<useDomainConstraints>false</useDomainConstraints>
<use>1</use>
<logicalDatatype>LOGDT019</logicalDatatype>
<ownDataTypeParameters>,,</ownDataTypeParameters>
<autoIncrementCycle>false</autoIncrementCycle>
</Column>
</columns>
<indexes itemClass="oracle.dbtools.crest.model.design.relational.Index">
<ind_PK_UK id="4A0B536A-99D4-4C60-674C-3F8A85E760D2" name="Sponsorzy_PK">
<createdBy>adamp</createdBy>
<createdTime>2022-12-11 22:02:05 UTC</createdTime>
<generatorID>5BBA8BB6-FE7F-857C-294A-D4E6EBE9A526</generatorID>
<ownerDesignName>relacje</ownerDesignName>
<pk>true</pk>
<indexState>Primary Constraint</indexState>
<isSurrogateKey>false</isSurrogateKey>
<indexColumnUsage>
<colUsage columnID="2A6F2133-8893-D938-3588-49B648F77BA6"/>
</indexColumnUsage>
</ind_PK_UK>
</indexes>
</Table>