<?xml version = '1.0' encoding = 'UTF-8'?>
<Table class="oracle.dbtools.crest.model.design.relational.Table" directorySegmentName="seg_0" id="4A4C4262-B9A3-8048-889A-356C23E2D95E" name="Kierowcy">
<createdBy>adamp</createdBy>
<createdTime>2022-12-11 22:02:05 UTC</createdTime>
<generatorID>7DC1B1B8-4C81-8375-D963-CCBA17A44460</generatorID>
<ownerDesignName>rel-model</ownerDesignName>
<allowColumnReorder>false</allowColumnReorder>
<existDependencyGenerateInDDl>true</existDependencyGenerateInDDl>
<parsed>true</parsed>
<columns itemClass="oracle.dbtools.crest.model.design.relational.Column">
<Column name="pesel" id="56304D27-B5F1-3227-C299-67C800CF2634">
<createdBy>adamp</createdBy>
<createdTime>2022-12-11 22:02:05 UTC</createdTime>
<generatorID>1D5E884A-56EB-C794-B7DD-A147A172F117</generatorID>
<ownerDesignName>rel-model</ownerDesignName>
<useDomainConstraints>false</useDomainConstraints>
<use>1</use>
<logicalDatatype>LOGDT024</logicalDatatype>
<dataTypeSize>11</dataTypeSize>
<ownDataTypeParameters>,,</ownDataTypeParameters>
<autoIncrementCycle>false</autoIncrementCycle>
<associations>
<colAssociation fkAssociation="5E202641-D9E5-B65F-2EE5-4709180810F9" referredColumn="47185574-A783-BD35-CAAB-730E57BF9827"/>
</associations>
</Column>
<Column name="data_ur" id="C277346D-44C3-29FA-6E0F-8DEA7C68DE6C">
<createdBy>adamp</createdBy>
<createdTime>2022-12-11 22:02:05 UTC</createdTime>
<generatorID>8F70CC8C-51F6-E2FF-497E-09980590A1B6</generatorID>
<ownerDesignName>rel-model</ownerDesignName>
<useDomainConstraints>false</useDomainConstraints>
<use>1</use>
<logicalDatatype>LOGDT007</logicalDatatype>
<ownDataTypeParameters>,,</ownDataTypeParameters>
<autoIncrementCycle>false</autoIncrementCycle>
</Column>
<Column name="kraj_ur" id="6EAA3EAB-AD0D-045C-DD4D-041BF289D274">
<createdBy>adamp</createdBy>
<createdTime>2022-12-11 22:02:05 UTC</createdTime>
<generatorID>53F55E7B-1C8E-C3DB-92C3-2E62B59ABACA</generatorID>
<ownerDesignName>rel-model</ownerDesignName>
<useDomainConstraints>false</useDomainConstraints>
<use>1</use>
<logicalDatatype>LOGDT024</logicalDatatype>
<dataTypeSize>64</dataTypeSize>
<ownDataTypeParameters>64,,</ownDataTypeParameters>
<autoIncrementCycle>false</autoIncrementCycle>
</Column>
<Column name="numer_start" id="8F389D2F-2CDF-7F51-9085-DFCB24A170EA">
<createdBy>adamp</createdBy>
<createdTime>2022-12-11 22:02:05 UTC</createdTime>
<generatorID>8FA12685-635F-0A6F-AAED-163DFB4C8699</generatorID>
<ownerDesignName>rel-model</ownerDesignName>
<nullsAllowed>true</nullsAllowed>
<useDomainConstraints>false</useDomainConstraints>
<use>1</use>
<logicalDatatype>LOGDT019</logicalDatatype>
<ownDataTypeParameters>,,</ownDataTypeParameters>
<autoIncrementCycle>false</autoIncrementCycle>
</Column>
<Column name="model_ID" id="CD55404B-FC91-2483-69A0-2F046BF993EE">
<createdBy>adamp</createdBy>
<createdTime>2022-12-11 23:23:25 UTC</createdTime>
<ownerDesignName>rel-model</ownerDesignName>
<useDomainConstraints>false</useDomainConstraints>
<use>1</use>
<logicalDatatype>LOGDT019</logicalDatatype>
<ownDataTypeParameters>,,</ownDataTypeParameters>
<previousColumn>false</previousColumn>
<autoIncrementCycle>false</autoIncrementCycle>
<associations>
<colAssociation fkAssociation="4FBB4F77-AA26-B928-561D-46093F269B22" referredColumn="05AC22A7-7418-B0E9-381F-140DC052E64E"/>
</associations>
</Column>
</columns>
<indexes itemClass="oracle.dbtools.crest.model.design.relational.Index">
<ind_PK_UK id="755367D3-F9CD-19BA-28C4-68D49D4DA17F" name="Kierowcy_PK">
<createdBy>adamp</createdBy>
<createdTime>2022-12-11 22:02:05 UTC</createdTime>
<generatorID>C4294240-4C4F-DFF3-D6D5-E63CEA8A1F54</generatorID>
<ownerDesignName>rel-model</ownerDesignName>
<pk>true</pk>
<indexState>Primary Constraint</indexState>
<isSurrogateKey>false</isSurrogateKey>
<indexColumnUsage>
<colUsage columnID="56304D27-B5F1-3227-C299-67C800CF2634"/>
</indexColumnUsage>
</ind_PK_UK>
<ind_PK_UK id="65781CF4-5097-B8E3-66AD-E7B6F0D48650" name="Kierowcy_Pracownicy_FK">
<createdBy>adamp</createdBy>
<createdTime>2022-12-11 22:02:05 UTC</createdTime>
<generatorID>4CD100DD-E8D9-11CB-2CCA-51F1CEDF1D32</generatorID>
<ownerDesignName>rel-model</ownerDesignName>
<indexState>Foreign Key</indexState>
<isSurrogateKey>false</isSurrogateKey>
<indexColumnUsage>
<colUsage columnID="56304D27-B5F1-3227-C299-67C800CF2634"/>
</indexColumnUsage>
</ind_PK_UK>
<ind_PK_UK id="20537B40-A583-BC69-DE19-F9ABDCBF209B" name="Kierowcy_Model_FK">
<createdBy>adamp</createdBy>
<createdTime>2022-12-11 22:02:06 UTC</createdTime>
<generatorID>2EA818C6-9E57-6AF5-16A1-312CB52F1C6B</generatorID>
<ownerDesignName>rel-model</ownerDesignName>
<indexState>Foreign Key</indexState>
<isSurrogateKey>false</isSurrogateKey>
<indexColumnUsage>
<colUsage columnID="CD55404B-FC91-2483-69A0-2F046BF993EE"/>
</indexColumnUsage>
</ind_PK_UK>
</indexes>
</Table>
