<?xml version = '1.0' encoding = 'UTF-8'?>
<Table class="oracle.dbtools.crest.model.design.relational.Table" directorySegmentName="seg_0" id="76BE918A-DFF8-3331-F254-85144A51C932" name="Pracownicy">
<createdBy>adamp</createdBy>
<createdTime>2022-12-11 22:02:05 UTC</createdTime>
<generatorID>8DB731BB-BE29-C329-503C-84A070F2D2C4</generatorID>
<ownerDesignName>rel-model</ownerDesignName>
<allowColumnReorder>false</allowColumnReorder>
<existDependencyGenerateInDDl>true</existDependencyGenerateInDDl>
<parsed>true</parsed>
<columns itemClass="oracle.dbtools.crest.model.design.relational.Column">
<Column name="pesel" id="47185574-A783-BD35-CAAB-730E57BF9827">
<createdBy>adamp</createdBy>
<createdTime>2022-12-11 22:02:05 UTC</createdTime>
<generatorID>1D5E884A-56EB-C794-B7DD-A147A172F117</generatorID>
<ownerDesignName>rel-model</ownerDesignName>
<useDomainConstraints>false</useDomainConstraints>
<use>1</use>
<logicalDatatype>LOGDT024</logicalDatatype>
<dataTypeSize>11</dataTypeSize>
<ownDataTypeParameters>11,,</ownDataTypeParameters>
<autoIncrementCycle>false</autoIncrementCycle>
</Column>
<Column name="stanowisko" id="265FC3C1-A2BD-9930-F560-A33488AD0E34">
<createdBy>caribou</createdBy>
<createdTime>2022-12-14 18:12:18 UTC</createdTime>
<ownerDesignName>rel-model</ownerDesignName>
<useDomainConstraints>false</useDomainConstraints>
<use>1</use>
<logicalDatatype>LOGDT024</logicalDatatype>
<dataTypeSize>64</dataTypeSize>
<ownDataTypeParameters>64,,</ownDataTypeParameters>
<autoIncrementCycle>false</autoIncrementCycle>
</Column>
<Column name="nazwisko" id="12BF08C5-6031-58D2-ADA1-315682FE01F7">
<createdBy>adamp</createdBy>
<createdTime>2022-12-11 22:02:05 UTC</createdTime>
<generatorID>3611C772-76EA-BBE7-E124-F9BDEB5F6D47</generatorID>
<ownerDesignName>rel-model</ownerDesignName>
<useDomainConstraints>false</useDomainConstraints>
<use>1</use>
<logicalDatatype>LOGDT024</logicalDatatype>
<dataTypeSize>64</dataTypeSize>
<ownDataTypeParameters>64,,</ownDataTypeParameters>
<autoIncrementCycle>false</autoIncrementCycle>
</Column>
<Column name="placa" id="A655992A-910C-9E81-31EE-83975AA28224">
<createdBy>adamp</createdBy>
<createdTime>2022-12-11 22:02:05 UTC</createdTime>
<generatorID>8EEF536E-0965-EED8-F721-27C24598B965</generatorID>
<ownerDesignName>rel-model</ownerDesignName>
<nullsAllowed>true</nullsAllowed>
<useDomainConstraints>false</useDomainConstraints>
<use>1</use>
<logicalDatatype>LOGDT019</logicalDatatype>
<ownDataTypeParameters>,,</ownDataTypeParameters>
<autoIncrementCycle>false</autoIncrementCycle>
</Column>
<Column name="nazwa_zesp" id="453EFFB6-F3D5-D3CA-E4F1-78C699FD4F21">
<createdBy>adamp</createdBy>
<createdTime>2022-12-11 22:02:05 UTC</createdTime>
<generatorID>5F45D506-F9FF-7A5F-667A-B0789E6654A5</generatorID>
<ownerDesignName>rel-model</ownerDesignName>
<useDomainConstraints>false</useDomainConstraints>
<use>1</use>
<logicalDatatype>LOGDT024</logicalDatatype>
<dataTypeSize>64</dataTypeSize>
<ownDataTypeParameters>,,</ownDataTypeParameters>
<previousColumn>false</previousColumn>
<autoIncrementCycle>false</autoIncrementCycle>
<associations>
<colAssociation fkAssociation="E38439DE-CDFC-EEDC-B13D-58D1744CEF02" referredColumn="31A4BB8C-8F55-26A7-5DBC-3A5A1057BE44"/>
</associations>
</Column>
</columns>
<indexes itemClass="oracle.dbtools.crest.model.design.relational.Index">
<ind_PK_UK id="2C98A318-F8DD-AEC2-8FEE-BBDDE1062D69" name="Pracownicy_PK">
<createdBy>adamp</createdBy>
<createdTime>2022-12-11 22:02:05 UTC</createdTime>
<generatorID>C4294240-4C4F-DFF3-D6D5-E63CEA8A1F54</generatorID>
<ownerDesignName>rel-model</ownerDesignName>
<pk>true</pk>
<indexState>Primary Constraint</indexState>
<isSurrogateKey>false</isSurrogateKey>
<indexColumnUsage>
<colUsage columnID="47185574-A783-BD35-CAAB-730E57BF9827"/>
</indexColumnUsage>
</ind_PK_UK>
<ind_PK_UK id="78DB6BB8-EB29-4EB2-136F-1AE17A3D96FB" name="Pracownicy_IDX">
<createdBy>caribou</createdBy>
<createdTime>2022-12-16 16:39:40 UTC</createdTime>
<ownerDesignName>rel-model</ownerDesignName>
<isSurrogateKey>false</isSurrogateKey>
<indexColumnUsage>
<colUsage columnID="47185574-A783-BD35-CAAB-730E57BF9827"/>
</indexColumnUsage>
</ind_PK_UK>
<ind_PK_UK id="C4C41639-B1ED-2B6E-2389-9BEEB6EA1780" name="Pracownicy_Zespoly_FK">
<createdBy>adamp</createdBy>
<createdTime>2022-12-11 22:02:06 UTC</createdTime>
<generatorID>CE885F31-C3FF-28A3-7C8F-989F49107643</generatorID>
<ownerDesignName>rel-model</ownerDesignName>
<indexState>Foreign Key</indexState>
<isSurrogateKey>false</isSurrogateKey>
<indexColumnUsage>
<colUsage columnID="453EFFB6-F3D5-D3CA-E4F1-78C699FD4F21"/>
</indexColumnUsage>
</ind_PK_UK>
</indexes>
</Table>
