<?xml version = '1.0' encoding = 'UTF-8'?>
<Table class="oracle.dbtools.crest.model.design.relational.Table" directorySegmentName="seg_0" id="7D8A5D42-9D53-B528-DB8B-4A25EFE1A411" name="Zespoly">
<createdBy>adamp</createdBy>
<createdTime>2022-12-11 22:02:05 UTC</createdTime>
<generatorID>DE771BC6-4DA0-E285-DA48-2F4F955E5728</generatorID>
<ownerDesignName>relacje</ownerDesignName>
<allowColumnReorder>false</allowColumnReorder>
<existDependencyGenerateInDDl>true</existDependencyGenerateInDDl>
<parsed>true</parsed>
<columns itemClass="oracle.dbtools.crest.model.design.relational.Column">
<Column name="nazwa_zesp" id="31A4BB8C-8F55-26A7-5DBC-3A5A1057BE44">
<createdBy>adamp</createdBy>
<createdTime>2022-12-11 22:02:05 UTC</createdTime>
<generatorID>7AF6D9FA-74A0-23C2-EC79-3B147A50B873</generatorID>
<ownerDesignName>relacje</ownerDesignName>
<useDomainConstraints>false</useDomainConstraints>
<use>1</use>
<logicalDatatype>LOGDT024</logicalDatatype>
<dataTypeSize>64</dataTypeSize>
<ownDataTypeParameters>64,,</ownDataTypeParameters>
<autoIncrementCycle>false</autoIncrementCycle>
</Column>
<Column name="kraj_zesp" id="68F79163-AA2B-E2DC-AC26-0227816B5245">
<createdBy>adamp</createdBy>
<createdTime>2022-12-11 22:02:05 UTC</createdTime>
<generatorID>EF75BF79-CC99-E7FF-2E98-17CECD6A22CE</generatorID>
<ownerDesignName>relacje</ownerDesignName>
<useDomainConstraints>false</useDomainConstraints>
<use>1</use>
<logicalDatatype>LOGDT024</logicalDatatype>
<dataTypeSize>64</dataTypeSize>
<ownDataTypeParameters>64,,</ownDataTypeParameters>
<autoIncrementCycle>false</autoIncrementCycle>
</Column>
<Column name="repr_marka" id="006B23E3-444E-60FE-510D-4CD67A37F779">
<createdBy>adamp</createdBy>
<createdTime>2022-12-11 22:02:05 UTC</createdTime>
<generatorID>BDC56805-1C15-63A4-7CF6-4F68B23B2C50</generatorID>
<ownerDesignName>relacje</ownerDesignName>
<useDomainConstraints>false</useDomainConstraints>
<use>1</use>
<logicalDatatype>LOGDT024</logicalDatatype>
<dataTypeSize>64</dataTypeSize>
<ownDataTypeParameters>64,,</ownDataTypeParameters>
<autoIncrementCycle>false</autoIncrementCycle>
</Column>
</columns>
<indexes itemClass="oracle.dbtools.crest.model.design.relational.Index">
<ind_PK_UK id="4C9BF359-347B-5C67-1FCE-4C25EE3AE725" name="Zespoly_PK">
<createdBy>adamp</createdBy>
<createdTime>2022-12-11 22:02:05 UTC</createdTime>
<generatorID>F436DDE0-FA57-B198-0D45-9E399A770D99</generatorID>
<ownerDesignName>relacje</ownerDesignName>
<pk>true</pk>
<indexState>Primary Constraint</indexState>
<isSurrogateKey>false</isSurrogateKey>
<indexColumnUsage>
<colUsage columnID="31A4BB8C-8F55-26A7-5DBC-3A5A1057BE44"/>
</indexColumnUsage>
</ind_PK_UK>
</indexes>
</Table>