<?xml version = '1.0' encoding = 'UTF-8'?>
<Table class="oracle.dbtools.crest.model.design.relational.Table" directorySegmentName="seg_0" id="8937FEF7-D6CC-9F58-FA6C-B0B4C416348B" name="Rekordy">
<createdBy>adamp</createdBy>
<createdTime>2022-12-11 22:02:05 UTC</createdTime>
<generatorID>3BBC7E40-6DB7-7764-7851-7D6E66081856</generatorID>
<ownerDesignName>rel-model</ownerDesignName>
<allowColumnReorder>false</allowColumnReorder>
<existDependencyGenerateInDDl>true</existDependencyGenerateInDDl>
<parsed>true</parsed>
<columns itemClass="oracle.dbtools.crest.model.design.relational.Column">
<Column name="pesel" id="C82EEAED-CA1C-FE94-7F25-42D6AC5EC4B5">
<createdBy>adamp</createdBy>
<createdTime>2022-12-11 22:02:05 UTC</createdTime>
<generatorID>3499B67C-7654-0A34-64E0-47CA4C376C66</generatorID>
<ownerDesignName>rel-model</ownerDesignName>
<useDomainConstraints>false</useDomainConstraints>
<use>1</use>
<logicalDatatype>LOGDT024</logicalDatatype>
<dataTypeSize>11</dataTypeSize>
<ownDataTypeParameters>,,</ownDataTypeParameters>
<previousColumn>false</previousColumn>
<autoIncrementCycle>false</autoIncrementCycle>
<associations>
<colAssociation fkAssociation="DEAC56D4-6A0C-4924-A6FD-09DBCDC14DDE" referredColumn="56304D27-B5F1-3227-C299-67C800CF2634"/>
</associations>
</Column>
<Column name="czas" id="685CE265-19EC-0946-18E8-29CB52E18EBB">
<createdBy>adamp</createdBy>
<createdTime>2022-12-11 22:02:05 UTC</createdTime>
<generatorID>1819BC35-1EEA-EBF7-E581-D38284F6651D</generatorID>
<ownerDesignName>rel-model</ownerDesignName>
<useDomainConstraints>false</useDomainConstraints>
<use>1</use>
<logicalDatatype>LOGDT014</logicalDatatype>
<ownDataTypeParameters>,,</ownDataTypeParameters>
<autoIncrementCycle>false</autoIncrementCycle>
</Column>
<Column name="nazwa_wys" id="90CA8895-4878-951D-63B5-03080BBC2731">
<createdBy>adamp</createdBy>
<createdTime>2022-12-11 22:02:05 UTC</createdTime>
<generatorID>7EC2C0AC-1968-DA4F-785D-3007EA4532B9</generatorID>
<ownerDesignName>rel-model</ownerDesignName>
<useDomainConstraints>false</useDomainConstraints>
<use>1</use>
<logicalDatatype>LOGDT024</logicalDatatype>
<dataTypeSize>64</dataTypeSize>
<ownDataTypeParameters>,,</ownDataTypeParameters>
<previousColumn>false</previousColumn>
<autoIncrementCycle>false</autoIncrementCycle>
<associations>
<colAssociation fkAssociation="74CEC919-B42B-6DF3-7537-1D72AA35F71D" referredColumn="8D370624-193C-EC2B-C378-18C51B8BF5C1"/>
</associations>
</Column>
<Column name="numer_okr" id="00A41A1C-A131-27F2-E1F8-7258187775AD">
<createdBy>adamp</createdBy>
<createdTime>2022-12-11 22:02:05 UTC</createdTime>
<generatorID>D62A8DB6-B9A9-8714-9AFF-8F270417055B</generatorID>
<ownerDesignName>rel-model</ownerDesignName>
<nullsAllowed>true</nullsAllowed>
<useDomainConstraints>false</useDomainConstraints>
<use>1</use>
<logicalDatatype>LOGDT019</logicalDatatype>
<ownDataTypeParameters>,,</ownDataTypeParameters>
<autoIncrementCycle>false</autoIncrementCycle>
</Column>
</columns>
<indexes itemClass="oracle.dbtools.crest.model.design.relational.Index">
<ind_PK_UK id="65538575-FD4C-A65C-266B-B99677FE0146" name="Rekordy_PK">
<createdBy>adamp</createdBy>
<createdTime>2022-12-11 22:02:05 UTC</createdTime>
<generatorID>B63DB95C-D7C1-C808-808D-F859B653FF6F</generatorID>
<ownerDesignName>rel-model</ownerDesignName>
<pk>true</pk>
<indexState>Primary Constraint</indexState>
<isSurrogateKey>false</isSurrogateKey>
<indexColumnUsage>
<colUsage columnID="C82EEAED-CA1C-FE94-7F25-42D6AC5EC4B5"/>
<colUsage columnID="90CA8895-4878-951D-63B5-03080BBC2731"/>
</indexColumnUsage>
</ind_PK_UK>
<ind_PK_UK id="2D5C6562-8BEB-BDA1-5033-84F89E9B51C4" name="Rekordy_IDX">
<createdBy>adamp</createdBy>
<createdTime>2022-12-11 22:02:06 UTC</createdTime>
<ownerDesignName>rel-model</ownerDesignName>
<indexState>Unique Plain Index</indexState>
<isSurrogateKey>false</isSurrogateKey>
<relationGeneratorID>4E8C3859-837C-6F41-3B66-84EB1800AF86</relationGeneratorID>
<indexColumnUsage>
<colUsage columnID="90CA8895-4878-951D-63B5-03080BBC2731"/>
</indexColumnUsage>
</ind_PK_UK>
<ind_PK_UK id="1A984886-5214-E650-004C-34EB8D81890C" name="Rekordy_Kierowcy_FK">
<createdBy>adamp</createdBy>
<createdTime>2022-12-11 22:02:05 UTC</createdTime>
<generatorID>D7075438-BF90-0DEB-7517-D6B798F98BB0</generatorID>
<ownerDesignName>rel-model</ownerDesignName>
<indexState>Foreign Key</indexState>
<isSurrogateKey>false</isSurrogateKey>
<indexColumnUsage>
<colUsage columnID="C82EEAED-CA1C-FE94-7F25-42D6AC5EC4B5"/>
</indexColumnUsage>
</ind_PK_UK>
<ind_PK_UK id="50347D04-8E36-C6D9-270A-D7666A19587F" name="Rekordy_Wyscigi_FK">
<createdBy>adamp</createdBy>
<createdTime>2022-12-11 22:02:06 UTC</createdTime>
<generatorID>4E8C3859-837C-6F41-3B66-84EB1800AF86</generatorID>
<ownerDesignName>rel-model</ownerDesignName>
<indexState>Foreign Key</indexState>
<isSurrogateKey>false</isSurrogateKey>
<indexColumnUsage>
<colUsage columnID="90CA8895-4878-951D-63B5-03080BBC2731"/>
</indexColumnUsage>
</ind_PK_UK>
</indexes>
</Table>
