<?xml version = '1.0' encoding = 'UTF-8'?>
<Table class="oracle.dbtools.crest.model.design.relational.Table" directorySegmentName="seg_0" id="9580A5A5-39EE-E260-DCF9-F27269983B75" name="Wyniki">
<createdBy>adamp</createdBy>
<createdTime>2022-12-11 22:02:05 UTC</createdTime>
<generatorID>E5C71EBA-09BC-A368-958C-BB1BC6F67FCF</generatorID>
<ownerDesignName>rel-model</ownerDesignName>
<allowColumnReorder>false</allowColumnReorder>
<existDependencyGenerateInDDl>true</existDependencyGenerateInDDl>
<parsed>true</parsed>
<columns itemClass="oracle.dbtools.crest.model.design.relational.Column">
<Column name="nazwa_wys" id="6F409CC7-D981-253A-AF54-E7AD30F8832A">
<createdBy>adamp</createdBy>
<createdTime>2022-12-11 22:02:05 UTC</createdTime>
<generatorID>911001DD-4EE1-47D8-2395-066AD7ECAAF7</generatorID>
<ownerDesignName>rel-model</ownerDesignName>
<useDomainConstraints>false</useDomainConstraints>
<use>1</use>
<logicalDatatype>LOGDT024</logicalDatatype>
<dataTypeSize>64</dataTypeSize>
<ownDataTypeParameters>,,</ownDataTypeParameters>
<previousColumn>false</previousColumn>
<autoIncrementCycle>false</autoIncrementCycle>
<associations>
<colAssociation fkAssociation="4E0A02D6-46CC-AAA1-5920-45103775E320" referredColumn="8D370624-193C-EC2B-C378-18C51B8BF5C1"/>
</associations>
</Column>
<Column name="pozycja" id="A0B5430C-F5BE-A170-F2BC-FE422226232A">
<createdBy>adamp</createdBy>
<createdTime>2022-12-11 22:02:05 UTC</createdTime>
<generatorID>BB9E4F22-3022-B193-61ED-4A33BD0FC531</generatorID>
<ownerDesignName>rel-model</ownerDesignName>
<useDomainConstraints>false</useDomainConstraints>
<use>1</use>
<logicalDatatype>LOGDT019</logicalDatatype>
<ownDataTypeParameters>,,</ownDataTypeParameters>
<autoIncrementCycle>false</autoIncrementCycle>
</Column>
<Column name="pesel" id="4DE1D253-DF5F-77D2-6C20-44B372EAEFCE">
<createdBy>adamp</createdBy>
<createdTime>2022-12-11 22:02:05 UTC</createdTime>
<generatorID>BE18ED88-0192-CC8A-1C07-0022D21C0987</generatorID>
<ownerDesignName>rel-model</ownerDesignName>
<useDomainConstraints>false</useDomainConstraints>
<use>1</use>
<logicalDatatype>LOGDT024</logicalDatatype>
<dataTypeSize>11</dataTypeSize>
<ownDataTypeParameters>,,</ownDataTypeParameters>
<previousColumn>false</previousColumn>
<autoIncrementCycle>false</autoIncrementCycle>
<associations>
<colAssociation fkAssociation="6BF29BD8-2071-2D51-E002-65DBCF865AA0" referredColumn="56304D27-B5F1-3227-C299-67C800CF2634"/>
</associations>
</Column>
</columns>
<indexes itemClass="oracle.dbtools.crest.model.design.relational.Index">
<ind_PK_UK id="5D5B7108-E9AC-6052-9AD9-C51EE7807779" name="Wyniki_PK">
<createdBy>adamp</createdBy>
<createdTime>2022-12-11 22:02:05 UTC</createdTime>
<generatorID>0D370BD8-D2ED-7F47-9E69-1D692367BC79</generatorID>
<ownerDesignName>rel-model</ownerDesignName>
<pk>true</pk>
<indexState>Primary Constraint</indexState>
<isSurrogateKey>false</isSurrogateKey>
<indexColumnUsage>
<colUsage columnID="4DE1D253-DF5F-77D2-6C20-44B372EAEFCE"/>
<colUsage columnID="6F409CC7-D981-253A-AF54-E7AD30F8832A"/>
</indexColumnUsage>
</ind_PK_UK>
<ind_PK_UK id="294A0F8D-6DBC-6997-A0F0-6B5694BBFCC9" name="Wyniki_IDX">
<createdBy>caribou</createdBy>
<createdTime>2022-12-16 16:41:13 UTC</createdTime>
<ownerDesignName>rel-model</ownerDesignName>
<isSurrogateKey>false</isSurrogateKey>
<indexColumnUsage>
<colUsage columnID="4DE1D253-DF5F-77D2-6C20-44B372EAEFCE"/>
</indexColumnUsage>
</ind_PK_UK>
<ind_PK_UK id="DEEF648D-D2F8-A938-4854-F21FE87C7B5B" name="Wyniki_Kierowcy_FK">
<createdBy>adamp</createdBy>
<createdTime>2022-12-11 22:02:05 UTC</createdTime>
<generatorID>EB73786B-BDF2-434D-E426-A0AE20BED1E4</generatorID>
<ownerDesignName>rel-model</ownerDesignName>
<indexState>Foreign Key</indexState>
<isSurrogateKey>false</isSurrogateKey>
<indexColumnUsage>
<colUsage columnID="4DE1D253-DF5F-77D2-6C20-44B372EAEFCE"/>
</indexColumnUsage>
</ind_PK_UK>
<ind_PK_UK id="F677355B-124B-DDFE-CAB1-0D698235B7C3" name="Wyniki_Wyscigi_FK">
<createdBy>adamp</createdBy>
<createdTime>2022-12-11 22:02:06 UTC</createdTime>
<generatorID>0CE469F3-16A5-BE8C-9071-5B5BFC47453F</generatorID>
<ownerDesignName>rel-model</ownerDesignName>
<indexState>Foreign Key</indexState>
<isSurrogateKey>false</isSurrogateKey>
<indexColumnUsage>
<colUsage columnID="6F409CC7-D981-253A-AF54-E7AD30F8832A"/>
</indexColumnUsage>
</ind_PK_UK>
</indexes>
</Table>
