<?xml version = '1.0' encoding = 'UTF-8'?>
<Table class="oracle.dbtools.crest.model.design.relational.Table" directorySegmentName="seg_0" id="96AACF4D-B007-6709-3FDD-67B0634AE8E8" name="Trener">
<createdBy>adamp</createdBy>
<createdTime>2022-12-11 22:02:05 UTC</createdTime>
<generatorID>ED696233-8D13-D309-D156-B43C2BA446CD</generatorID>
<ownerDesignName>relacje</ownerDesignName>
<allowColumnReorder>false</allowColumnReorder>
<existDependencyGenerateInDDl>true</existDependencyGenerateInDDl>
<parsed>true</parsed>
<columns itemClass="oracle.dbtools.crest.model.design.relational.Column">
<Column name="pesel" id="9731D681-B4AE-B02A-ED5E-74CBD173BB69">
<createdBy>adamp</createdBy>
<createdTime>2022-12-11 22:02:05 UTC</createdTime>
<generatorID>1D5E884A-56EB-C794-B7DD-A147A172F117</generatorID>
<ownerDesignName>relacje</ownerDesignName>
<useDomainConstraints>false</useDomainConstraints>
<use>1</use>
<logicalDatatype>LOGDT024</logicalDatatype>
<dataTypeSize>11</dataTypeSize>
<ownDataTypeParameters>11,,</ownDataTypeParameters>
<autoIncrementCycle>false</autoIncrementCycle>
<associations>
<colAssociation fkAssociation="D0CF4CF4-F4C0-80A4-CA83-094DB0677CAD" referredColumn="47185574-A783-BD35-CAAB-730E57BF9827"/>
</associations>
</Column>
<Column name="dosw_od" id="E36E0B0F-C26A-0508-8FA7-0BDD2BD04E6D">
<createdBy>adamp</createdBy>
<createdTime>2022-12-11 22:02:05 UTC</createdTime>
<generatorID>BE778E6A-0385-484D-1DCD-F1F275E6B9EF</generatorID>
<ownerDesignName>relacje</ownerDesignName>
<useDomainConstraints>false</useDomainConstraints>
<use>1</use>
<logicalDatatype>LOGDT007</logicalDatatype>
<ownDataTypeParameters>,,</ownDataTypeParameters>
<autoIncrementCycle>false</autoIncrementCycle>
</Column>
</columns>
<indexes itemClass="oracle.dbtools.crest.model.design.relational.Index">
<ind_PK_UK id="9D0AA7C2-60DB-CAAC-E887-7ABF59D6BCF1" name="Trener_PK">
<createdBy>adamp</createdBy>
<createdTime>2022-12-11 22:02:05 UTC</createdTime>
<generatorID>C4294240-4C4F-DFF3-D6D5-E63CEA8A1F54</generatorID>
<ownerDesignName>relacje</ownerDesignName>
<pk>true</pk>
<indexState>Primary Constraint</indexState>
<isSurrogateKey>false</isSurrogateKey>
<indexColumnUsage>
<colUsage columnID="9731D681-B4AE-B02A-ED5E-74CBD173BB69"/>
</indexColumnUsage>
</ind_PK_UK>
<ind_PK_UK id="7AC558F5-7A63-D8AD-72FE-777482D088BF" name="Trener_Pracownicy_FK">
<createdBy>adamp</createdBy>
<createdTime>2022-12-11 22:02:05 UTC</createdTime>
<generatorID>44B09507-FF15-252E-B335-763C43C2ADCD</generatorID>
<ownerDesignName>relacje</ownerDesignName>
<indexState>Foreign Key</indexState>
<isSurrogateKey>false</isSurrogateKey>
<indexColumnUsage>
<colUsage columnID="9731D681-B4AE-B02A-ED5E-74CBD173BB69"/>
</indexColumnUsage>
</ind_PK_UK>
</indexes>
</Table>
