<?xml version = '1.0' encoding = 'UTF-8'?>
<Table class="oracle.dbtools.crest.model.design.relational.Table" directorySegmentName="seg_0" id="A997643B-389A-574E-A1A8-F99BB0C7E6A7" name="Serwis">
<createdBy>adamp</createdBy>
<createdTime>2022-12-11 22:02:05 UTC</createdTime>
<generatorID>41F8CA66-1C7B-B73A-96F8-8A10C7082AB6</generatorID>
<ownerDesignName>relacje</ownerDesignName>
<allowColumnReorder>false</allowColumnReorder>
<existDependencyGenerateInDDl>true</existDependencyGenerateInDDl>
<parsed>true</parsed>
<columns itemClass="oracle.dbtools.crest.model.design.relational.Column">
<Column name="vin" id="620A214C-B133-8BB1-2D97-DFF4DD95D399">
<createdBy>adamp</createdBy>
<createdTime>2022-12-11 22:02:05 UTC</createdTime>
<generatorID>505EB2FA-3CFB-14A7-C339-F2ABDC260AF7</generatorID>
<ownerDesignName>relacje</ownerDesignName>
<useDomainConstraints>false</useDomainConstraints>
<use>1</use>
<logicalDatatype>LOGDT024</logicalDatatype>
<dataTypeSize>17</dataTypeSize>
<ownDataTypeParameters>,,</ownDataTypeParameters>
<previousColumn>false</previousColumn>
<autoIncrementCycle>false</autoIncrementCycle>
<associations>
<colAssociation fkAssociation="C890F425-0375-24FD-A192-C3242EF96694" referredColumn="BEB5F308-3617-CB56-2678-A544AC0C5BF9"/>
</associations>
</Column>
<Column name="data_rozp" id="DDE66A58-080E-BC98-F09D-A609D3804F0F">
<createdBy>adamp</createdBy>
<createdTime>2022-12-11 22:02:05 UTC</createdTime>
<generatorID>15985DAC-18B9-CEA6-C563-FD19C89D7D71</generatorID>
<ownerDesignName>relacje</ownerDesignName>
<useDomainConstraints>false</useDomainConstraints>
<use>1</use>
<logicalDatatype>LOGDT008</logicalDatatype>
<ownDataTypeParameters>,,</ownDataTypeParameters>
<autoIncrementCycle>false</autoIncrementCycle>
</Column>
<Column name="nazwa_zmian" id="8F7085ED-7482-6E5F-A125-8E5029D9E318">
<createdBy>adamp</createdBy>
<createdTime>2022-12-11 22:02:05 UTC</createdTime>
<generatorID>6D4E64B4-9267-29D2-0E4D-ADB08817FD3C</generatorID>
<ownerDesignName>relacje</ownerDesignName>
<useDomainConstraints>false</useDomainConstraints>
<use>1</use>
<logicalDatatype>LOGDT024</logicalDatatype>
<dataTypeSize>64</dataTypeSize>
<ownDataTypeParameters>64,,</ownDataTypeParameters>
<autoIncrementCycle>false</autoIncrementCycle>
</Column>
<Column name="data_zak" id="394CC03C-EBAA-57CD-4911-3EC765AD9D8B">
<createdBy>adamp</createdBy>
<createdTime>2022-12-11 22:02:05 UTC</createdTime>
<generatorID>657D6A1C-F435-E9F3-DF87-17339B1B053C</generatorID>
<ownerDesignName>relacje</ownerDesignName>
<useDomainConstraints>false</useDomainConstraints>
<use>1</use>
<logicalDatatype>LOGDT008</logicalDatatype>
<ownDataTypeParameters>,,</ownDataTypeParameters>
<autoIncrementCycle>false</autoIncrementCycle>
</Column>
<Column name="koszt" id="357CBF3D-6412-06D6-3B19-EF208831C4E5">
<createdBy>adamp</createdBy>
<createdTime>2022-12-11 22:02:05 UTC</createdTime>
<generatorID>1E362BB7-6692-E998-D33F-A50E1D21CF43</generatorID>
<ownerDesignName>relacje</ownerDesignName>
<nullsAllowed>true</nullsAllowed>
<useDomainConstraints>false</useDomainConstraints>
<use>1</use>
<logicalDatatype>LOGDT019</logicalDatatype>
<ownDataTypeParameters>,,</ownDataTypeParameters>
<autoIncrementCycle>false</autoIncrementCycle>
</Column>
<Column name="opis" id="E6F52C83-9429-E5EB-ABE4-25A58034282F">
<createdBy>adamp</createdBy>
<createdTime>2022-12-11 22:02:05 UTC</createdTime>
<generatorID>70D353A1-E2BA-3BDE-067C-E5ECC3F0E4B2</generatorID>
<ownerDesignName>relacje</ownerDesignName>
<nullsAllowed>true</nullsAllowed>
<useDomainConstraints>false</useDomainConstraints>
<use>1</use>
<logicalDatatype>LOGDT024</logicalDatatype>
<dataTypeSize>255</dataTypeSize>
<ownDataTypeParameters>255,,</ownDataTypeParameters>
<autoIncrementCycle>false</autoIncrementCycle>
</Column>
</columns>
<indexes itemClass="oracle.dbtools.crest.model.design.relational.Index">
<ind_PK_UK id="7D911C57-3397-DF80-7DD3-09F9A9793DEF" name="Serwis_PK">
<createdBy>adamp</createdBy>
<createdTime>2022-12-11 22:02:05 UTC</createdTime>
<generatorID>1D4748E5-0F99-3B56-9F99-EF987F6352DF</generatorID>
<ownerDesignName>relacje</ownerDesignName>
<pk>true</pk>
<indexState>Primary Constraint</indexState>
<isSurrogateKey>false</isSurrogateKey>
<indexColumnUsage>
<colUsage columnID="620A214C-B133-8BB1-2D97-DFF4DD95D399"/>
<colUsage columnID="DDE66A58-080E-BC98-F09D-A609D3804F0F"/>
</indexColumnUsage>
</ind_PK_UK>
<ind_PK_UK id="7868A0FA-34E0-D9E6-E977-3B5AFCDC8450" name="Serwis_Samochody_FK">
<createdBy>adamp</createdBy>
<createdTime>2022-12-11 22:02:06 UTC</createdTime>
<generatorID>4BEFF2D5-1862-5191-C561-EEEE71AFBFB8</generatorID>
<ownerDesignName>relacje</ownerDesignName>
<indexState>Foreign Key</indexState>
<isSurrogateKey>false</isSurrogateKey>
<indexColumnUsage>
<colUsage columnID="620A214C-B133-8BB1-2D97-DFF4DD95D399"/>
</indexColumnUsage>
</ind_PK_UK>
</indexes>
</Table>