<?xml version = '1.0' encoding = 'UTF-8'?>
<Table class="oracle.dbtools.crest.model.design.relational.Table" directorySegmentName="seg_0" id="B1A7A12E-83A4-EC3F-A162-B1A36311C45D" name="Samochody">
<createdBy>adamp</createdBy>
<createdTime>2022-12-11 22:02:05 UTC</createdTime>
<generatorID>C715E137-F297-DE03-656C-C1D1B5D8890D</generatorID>
<ownerDesignName>rel-model</ownerDesignName>
<allowColumnReorder>false</allowColumnReorder>
<existDependencyGenerateInDDl>true</existDependencyGenerateInDDl>
<parsed>true</parsed>
<columns itemClass="oracle.dbtools.crest.model.design.relational.Column">
<Column name="vin" id="BEB5F308-3617-CB56-2678-A544AC0C5BF9">
<createdBy>adamp</createdBy>
<createdTime>2022-12-11 22:02:05 UTC</createdTime>
<generatorID>A3500D65-A00E-0AAA-D567-4CA0419396CC</generatorID>
<ownerDesignName>rel-model</ownerDesignName>
<useDomainConstraints>false</useDomainConstraints>
<use>1</use>
<logicalDatatype>LOGDT024</logicalDatatype>
<dataTypeSize>17</dataTypeSize>
<ownDataTypeParameters>17,,</ownDataTypeParameters>
<autoIncrementCycle>false</autoIncrementCycle>
</Column>
<Column name="nazwa_zesp" id="97D3C2AE-8D89-4C98-9A21-ECD22A0656FC">
<createdBy>adamp</createdBy>
<createdTime>2022-12-11 22:02:05 UTC</createdTime>
<generatorID>2490DDFE-24A5-BA91-A005-A70015D65CCB</generatorID>
<ownerDesignName>rel-model</ownerDesignName>
<useDomainConstraints>false</useDomainConstraints>
<use>1</use>
<logicalDatatype>LOGDT024</logicalDatatype>
<dataTypeSize>64</dataTypeSize>
<ownDataTypeParameters>,,</ownDataTypeParameters>
<previousColumn>false</previousColumn>
<autoIncrementCycle>false</autoIncrementCycle>
<associations>
<colAssociation fkAssociation="69700FEF-7064-9392-2138-A960B175F370" referredColumn="31A4BB8C-8F55-26A7-5DBC-3A5A1057BE44"/>
</associations>
</Column>
<Column name="moc" id="B2B8EE81-C27A-CA23-47B0-56AB6A7F58CF">
<createdBy>adamp</createdBy>
<createdTime>2022-12-11 22:02:05 UTC</createdTime>
<generatorID>71593B5A-C913-C720-E6B9-4E3F64752BB1</generatorID>
<ownerDesignName>rel-model</ownerDesignName>
<useDomainConstraints>false</useDomainConstraints>
<use>1</use>
<logicalDatatype>LOGDT019</logicalDatatype>
<ownDataTypeParameters>,,</ownDataTypeParameters>
<autoIncrementCycle>false</autoIncrementCycle>
</Column>
<Column name="masa" id="FACCE740-7865-8A45-EC0F-17C49C1E77E0">
<createdBy>adamp</createdBy>
<createdTime>2022-12-11 22:02:05 UTC</createdTime>
<generatorID>82822CF2-86A1-5C0D-9651-EE8E146A4662</generatorID>
<ownerDesignName>rel-model</ownerDesignName>
<useDomainConstraints>false</useDomainConstraints>
<use>1</use>
<logicalDatatype>LOGDT019</logicalDatatype>
<ownDataTypeParameters>,,</ownDataTypeParameters>
<autoIncrementCycle>false</autoIncrementCycle>
</Column>
<Column name="rok_prod" id="4365C160-39AB-FCAE-7DAD-B4B4527B6ED9">
<createdBy>adamp</createdBy>
<createdTime>2022-12-11 22:02:05 UTC</createdTime>
<generatorID>B6C35D41-49CC-B19B-8E20-818B4C07776D</generatorID>
<ownerDesignName>rel-model</ownerDesignName>
<nullsAllowed>true</nullsAllowed>
<useDomainConstraints>false</useDomainConstraints>
<use>1</use>
<logicalDatatype>LOGDT007</logicalDatatype>
<ownDataTypeParameters>,,</ownDataTypeParameters>
<autoIncrementCycle>false</autoIncrementCycle>
</Column>
<Column name="model_ID" id="C973B4F1-A44C-B153-8088-EBF836F69A51">
<createdBy>adamp</createdBy>
<createdTime>2022-12-11 23:23:25 UTC</createdTime>
<ownerDesignName>rel-model</ownerDesignName>
<useDomainConstraints>false</useDomainConstraints>
<use>1</use>
<logicalDatatype>LOGDT019</logicalDatatype>
<ownDataTypeParameters>,,</ownDataTypeParameters>
<previousColumn>false</previousColumn>
<autoIncrementCycle>false</autoIncrementCycle>
<associations>
<colAssociation fkAssociation="B88811B0-DD24-6ECD-6742-A78977002887" referredColumn="05AC22A7-7418-B0E9-381F-140DC052E64E"/>
</associations>
</Column>
</columns>
<indexes itemClass="oracle.dbtools.crest.model.design.relational.Index">
<ind_PK_UK id="B560D356-8970-78CA-25ED-ADA95ADB3AD8" name="Samochody_PK">
<createdBy>adamp</createdBy>
<createdTime>2022-12-11 22:02:05 UTC</createdTime>
<generatorID>D37D2C0A-63D3-5BD9-843F-08CDBDB4F6FB</generatorID>
<ownerDesignName>rel-model</ownerDesignName>
<pk>true</pk>
<indexState>Primary Constraint</indexState>
<isSurrogateKey>false</isSurrogateKey>
<indexColumnUsage>
<colUsage columnID="BEB5F308-3617-CB56-2678-A544AC0C5BF9"/>
</indexColumnUsage>
</ind_PK_UK>
<ind_PK_UK id="494DC284-8AD1-DE64-9A66-E52BDB90CFBF" name="Samochody_IDX">
<createdBy>caribou</createdBy>
<createdTime>2022-12-16 16:45:05 UTC</createdTime>
<ownerDesignName>rel-model</ownerDesignName>
<isSurrogateKey>false</isSurrogateKey>
<indexColumnUsage>
<colUsage columnID="C973B4F1-A44C-B153-8088-EBF836F69A51"/>
</indexColumnUsage>
</ind_PK_UK>
<ind_PK_UK id="EFF0183E-E294-AE33-5C1C-960CBE155DD5" name="Samochody_Model_FK">
<createdBy>adamp</createdBy>
<createdTime>2022-12-11 22:02:06 UTC</createdTime>
<generatorID>AF648BF3-201A-6768-AE7F-932BFBB1C76F</generatorID>
<ownerDesignName>rel-model</ownerDesignName>
<indexState>Foreign Key</indexState>
<isSurrogateKey>false</isSurrogateKey>
<indexColumnUsage>
<colUsage columnID="C973B4F1-A44C-B153-8088-EBF836F69A51"/>
</indexColumnUsage>
</ind_PK_UK>
<ind_PK_UK id="14F357E0-2013-D488-6889-7066902B1D49" name="Samochody_Zespoly_FK">
<createdBy>adamp</createdBy>
<createdTime>2022-12-11 22:02:06 UTC</createdTime>
<generatorID>B5D75EF3-B317-3501-18F8-A499FC6FA779</generatorID>
<ownerDesignName>rel-model</ownerDesignName>
<indexState>Foreign Key</indexState>
<isSurrogateKey>false</isSurrogateKey>
<indexColumnUsage>
<colUsage columnID="97D3C2AE-8D89-4C98-9A21-ECD22A0656FC"/>
</indexColumnUsage>
</ind_PK_UK>
</indexes>
</Table>
