<?xml version = '1.0' encoding = 'UTF-8'?>
<Table class="oracle.dbtools.crest.model.design.relational.Table" directorySegmentName="seg_0" id="B312CEFA-3D46-452B-EDEF-DB12DA576940" name="Model">
<createdBy>adamp</createdBy>
<createdTime>2022-12-11 22:02:05 UTC</createdTime>
<generatorID>7CFF4A3D-A367-D728-EA3F-52502E30D858</generatorID>
<ownerDesignName>rel-model</ownerDesignName>
<allowColumnReorder>false</allowColumnReorder>
<existDependencyGenerateInDDl>true</existDependencyGenerateInDDl>
<parsed>true</parsed>
<columns itemClass="oracle.dbtools.crest.model.design.relational.Column">
<Column name="model_ID" id="05AC22A7-7418-B0E9-381F-140DC052E64E">
<createdBy>adamp</createdBy>
<createdTime>2022-12-11 23:23:20 UTC</createdTime>
<ownerDesignName>rel-model</ownerDesignName>
<useDomainConstraints>false</useDomainConstraints>
<use>1</use>
<logicalDatatype>LOGDT019</logicalDatatype>
<ownDataTypeParameters>,,</ownDataTypeParameters>
<autoIncrementCycle>false</autoIncrementCycle>
</Column>
<Column name="nazwa_mod" id="6A15C55E-AEA6-764D-A2D8-A4636F00CE1A">
<createdBy>adamp</createdBy>
<createdTime>2022-12-11 22:02:05 UTC</createdTime>
<generatorID>6342AD8B-4BF0-8872-2964-74589280316C</generatorID>
<ownerDesignName>rel-model</ownerDesignName>
<useDomainConstraints>false</useDomainConstraints>
<use>1</use>
<logicalDatatype>LOGDT024</logicalDatatype>
<dataTypeSize>64</dataTypeSize>
<ownDataTypeParameters>64,,</ownDataTypeParameters>
<autoIncrementCycle>false</autoIncrementCycle>
</Column>
<Column name="nazwa_mar" id="053A3CFC-DBFE-9F93-0D99-A48683EC53AE">
<createdBy>adamp</createdBy>
<createdTime>2022-12-11 22:02:05 UTC</createdTime>
<generatorID>55A9D402-A4C5-CCEA-BF42-804CFF986A27</generatorID>
<ownerDesignName>rel-model</ownerDesignName>
<useDomainConstraints>false</useDomainConstraints>
<use>1</use>
<logicalDatatype>LOGDT024</logicalDatatype>
<dataTypeSize>64</dataTypeSize>
<ownDataTypeParameters>64,,</ownDataTypeParameters>
<autoIncrementCycle>false</autoIncrementCycle>
</Column>
</columns>
<indexes itemClass="oracle.dbtools.crest.model.design.relational.Index">
<ind_PK_UK id="E5948E32-C9C3-8939-85E2-B03ADB2BC3F5" name="Model_PK">
<createdBy>adamp</createdBy>
<createdTime>2022-12-11 22:02:05 UTC</createdTime>
<generatorID>49B47578-7A74-D203-E7D2-BEAD1BA3DECA</generatorID>
<ownerDesignName>rel-model</ownerDesignName>
<pk>true</pk>
<indexState>Primary Constraint</indexState>
<isSurrogateKey>false</isSurrogateKey>
<indexColumnUsage>
<colUsage columnID="05AC22A7-7418-B0E9-381F-140DC052E64E"/>
</indexColumnUsage>
</ind_PK_UK>
<ind_PK_UK id="5362D648-8125-4EDF-C57F-AACA8E23CDA1" name="Model__UN">
<createdBy>adamp</createdBy>
<createdTime>2022-12-14 07:43:45 UTC</createdTime>
<ownerDesignName>rel-model</ownerDesignName>
<indexState>Unique Constraint</indexState>
<isSurrogateKey>false</isSurrogateKey>
<indexColumnUsage>
<colUsage columnID="6A15C55E-AEA6-764D-A2D8-A4636F00CE1A"/>
<colUsage columnID="053A3CFC-DBFE-9F93-0D99-A48683EC53AE"/>
</indexColumnUsage>
</ind_PK_UK>
<ind_PK_UK id="72DF3567-6191-8CA3-757D-346DA71E1568" name="Model_IDX">
<createdBy>caribou</createdBy>
<createdTime>2022-12-16 16:43:02 UTC</createdTime>
<ownerDesignName>rel-model</ownerDesignName>
<isSurrogateKey>false</isSurrogateKey>
<indexColumnUsage>
<colUsage columnID="05AC22A7-7418-B0E9-381F-140DC052E64E"/>
</indexColumnUsage>
</ind_PK_UK>
</indexes>
</Table>
