<?xml version = '1.0' encoding = 'UTF-8'?>
<Table class="oracle.dbtools.crest.model.design.relational.Table" directorySegmentName="seg_0" id="BFB05ADB-7B07-CA8E-B8B8-F7EE6EA69AA3" name="Mechanik_serwis">
<createdBy>adamp</createdBy>
<createdTime>2022-12-11 22:02:05 UTC</createdTime>
<ownerDesignName>relacje</ownerDesignName>
<allowColumnReorder>false</allowColumnReorder>
<existDependencyGenerateInDDl>true</existDependencyGenerateInDDl>
<parsed>true</parsed>
<columns itemClass="oracle.dbtools.crest.model.design.relational.Column">
<Column name="Mechanik_pesel" id="B3C87775-F032-939C-E40C-57E20148B2F0">
<createdBy>adamp</createdBy>
<createdTime>2022-12-11 22:02:06 UTC</createdTime>
<ownerDesignName>relacje</ownerDesignName>
<useDomainConstraints>false</useDomainConstraints>
<use>1</use>
<logicalDatatype>LOGDT024</logicalDatatype>
<dataTypeSize>11</dataTypeSize>
<ownDataTypeParameters>11,,</ownDataTypeParameters>
<previousColumn>false</previousColumn>
<autoIncrementCycle>false</autoIncrementCycle>
<associations>
<colAssociation fkAssociation="B19CC5B7-4C4D-D67B-9A0B-6249268C20A3" referredColumn="7912534A-88DB-9D8F-70F1-81309DEBA924"/>
</associations>
</Column>
<Column name="Serwis_vin" id="95358047-A1CB-1DA3-42AC-85065DF32BEB">
<createdBy>adamp</createdBy>
<createdTime>2022-12-11 22:02:06 UTC</createdTime>
<ownerDesignName>relacje</ownerDesignName>
<useDomainConstraints>false</useDomainConstraints>
<use>1</use>
<logicalDatatype>LOGDT024</logicalDatatype>
<dataTypeSize>17</dataTypeSize>
<ownDataTypeParameters>17,,</ownDataTypeParameters>
<previousColumn>false</previousColumn>
<autoIncrementCycle>false</autoIncrementCycle>
<associations>
<colAssociation fkAssociation="D791A0B0-5DA6-3E0D-AF78-C07F5833736D" referredColumn="620A214C-B133-8BB1-2D97-DFF4DD95D399"/>
</associations>
</Column>
<Column name="Serwis_data_rozp" id="4FC41668-D78B-F45E-7B37-12668925A580">
<createdBy>adamp</createdBy>
<createdTime>2022-12-11 22:42:22 UTC</createdTime>
<ownerDesignName>relacje</ownerDesignName>
<useDomainConstraints>false</useDomainConstraints>
<use>1</use>
<logicalDatatype>LOGDT008</logicalDatatype>
<ownDataTypeParameters>,,</ownDataTypeParameters>
<previousColumn>false</previousColumn>
<autoIncrementCycle>false</autoIncrementCycle>
<associations>
<colAssociation fkAssociation="D791A0B0-5DA6-3E0D-AF78-C07F5833736D" referredColumn="DDE66A58-080E-BC98-F09D-A609D3804F0F"/>
</associations>
</Column>
</columns>
<indexes itemClass="oracle.dbtools.crest.model.design.relational.Index">
<ind_PK_UK id="3CF4CA7B-88FD-6030-9FDD-1BFF5BCB5015" name="Mechanik_serwis_PK">
<createdBy>adamp</createdBy>
<createdTime>2022-12-11 22:02:05 UTC</createdTime>
<ownerDesignName>relacje</ownerDesignName>
<pk>true</pk>
<indexState>Primary Constraint</indexState>
<isSurrogateKey>false</isSurrogateKey>
<indexColumnUsage>
<colUsage columnID="B3C87775-F032-939C-E40C-57E20148B2F0"/>
<colUsage columnID="95358047-A1CB-1DA3-42AC-85065DF32BEB"/>
<colUsage columnID="4FC41668-D78B-F45E-7B37-12668925A580"/>
</indexColumnUsage>
</ind_PK_UK>
<ind_PK_UK id="637C45C5-5B18-487D-1545-B3CFD225CECA" name="Mechanik_serwis_Mechanik_FK">
<createdBy>adamp</createdBy>
<createdTime>2022-12-11 22:02:06 UTC</createdTime>
<generatorID>84C30F45-5B79-9F5B-4645-B7F0E1C39DC4</generatorID>
<ownerDesignName>relacje</ownerDesignName>
<indexState>Foreign Key</indexState>
<isSurrogateKey>false</isSurrogateKey>
<indexColumnUsage>
<colUsage columnID="B3C87775-F032-939C-E40C-57E20148B2F0"/>
</indexColumnUsage>
</ind_PK_UK>
<ind_PK_UK id="7A66D0BC-8617-B6BE-21FD-B9B58A0719A1" name="Mechanik_serwis_Serwis_FK">
<createdBy>adamp</createdBy>
<createdTime>2022-12-11 22:02:06 UTC</createdTime>
<generatorID>84C30F45-5B79-9F5B-4645-B7F0E1C39DC4</generatorID>
<ownerDesignName>relacje</ownerDesignName>
<indexState>Foreign Key</indexState>
<isSurrogateKey>false</isSurrogateKey>
<indexColumnUsage>
<colUsage columnID="95358047-A1CB-1DA3-42AC-85065DF32BEB"/>
<colUsage columnID="4FC41668-D78B-F45E-7B37-12668925A580"/>
</indexColumnUsage>
</ind_PK_UK>
</indexes>
</Table>