<?xml version = '1.0' encoding = 'UTF-8'?>
<Table class="oracle.dbtools.crest.model.design.relational.Table" directorySegmentName="seg_0" id="F3359213-92EB-130C-24B0-084D3E6AD8B9" name="Sponsor_Zespol">
<createdBy>adamp</createdBy>
<createdTime>2022-12-11 22:02:06 UTC</createdTime>
<ownerDesignName>relacje</ownerDesignName>
<allowColumnReorder>false</allowColumnReorder>
<existDependencyGenerateInDDl>true</existDependencyGenerateInDDl>
<parsed>true</parsed>
<columns itemClass="oracle.dbtools.crest.model.design.relational.Column">
<Column name="Sponsorzy_lei" id="42739F89-4335-C12D-7B64-E7B9CB52688B">
<createdBy>adamp</createdBy>
<createdTime>2022-12-11 22:02:06 UTC</createdTime>
<ownerDesignName>relacje</ownerDesignName>
<useDomainConstraints>false</useDomainConstraints>
<use>1</use>
<logicalDatatype>LOGDT024</logicalDatatype>
<dataTypeSize>20</dataTypeSize>
<ownDataTypeParameters>20,,</ownDataTypeParameters>
<previousColumn>false</previousColumn>
<autoIncrementCycle>false</autoIncrementCycle>
<associations>
<colAssociation fkAssociation="2EFCB6D7-98DB-3A24-493A-75C55CCC1D57" referredColumn="2A6F2133-8893-D938-3588-49B648F77BA6"/>
</associations>
</Column>
<Column name="Zespoly_nazwa_zesp" id="424DFD40-699D-C638-6D02-40C15D32DFE4">
<createdBy>adamp</createdBy>
<createdTime>2022-12-11 22:02:06 UTC</createdTime>
<ownerDesignName>relacje</ownerDesignName>
<useDomainConstraints>false</useDomainConstraints>
<use>1</use>
<logicalDatatype>LOGDT024</logicalDatatype>
<dataTypeSize>64</dataTypeSize>
<ownDataTypeParameters>64,,</ownDataTypeParameters>
<previousColumn>false</previousColumn>
<autoIncrementCycle>false</autoIncrementCycle>
<associations>
<colAssociation fkAssociation="5120FD62-3FEA-3D3A-66C7-E5B9AF09D0F9" referredColumn="31A4BB8C-8F55-26A7-5DBC-3A5A1057BE44"/>
</associations>
</Column>
</columns>
<indexes itemClass="oracle.dbtools.crest.model.design.relational.Index">
<ind_PK_UK id="A5FD3B3C-679D-5CA2-6D84-D1D1EF2ED8D0" name="Sponsor_Zespol_PK">
<createdBy>adamp</createdBy>
<createdTime>2022-12-11 22:02:06 UTC</createdTime>
<ownerDesignName>relacje</ownerDesignName>
<pk>true</pk>
<indexState>Primary Constraint</indexState>
<isSurrogateKey>false</isSurrogateKey>
<indexColumnUsage>
<colUsage columnID="42739F89-4335-C12D-7B64-E7B9CB52688B"/>
<colUsage columnID="424DFD40-699D-C638-6D02-40C15D32DFE4"/>
</indexColumnUsage>
</ind_PK_UK>
<ind_PK_UK id="00F89892-0B2E-67BC-B067-4C231C83ADEE" name="Sponsor_Zespol_Sponsorzy_FK">
<createdBy>adamp</createdBy>
<createdTime>2022-12-11 22:02:06 UTC</createdTime>
<generatorID>E1A22295-337D-44E2-9A54-67D4AB412526</generatorID>
<ownerDesignName>relacje</ownerDesignName>
<indexState>Foreign Key</indexState>
<isSurrogateKey>false</isSurrogateKey>
<indexColumnUsage>
<colUsage columnID="42739F89-4335-C12D-7B64-E7B9CB52688B"/>
</indexColumnUsage>
</ind_PK_UK>
<ind_PK_UK id="A184792E-6AAA-4E4F-7671-8AFC040D2EEA" name="Sponsor_Zespol_Zespoly_FK">
<createdBy>adamp</createdBy>
<createdTime>2022-12-11 22:02:06 UTC</createdTime>
<generatorID>E1A22295-337D-44E2-9A54-67D4AB412526</generatorID>
<ownerDesignName>relacje</ownerDesignName>
<indexState>Foreign Key</indexState>
<isSurrogateKey>false</isSurrogateKey>
<indexColumnUsage>
<colUsage columnID="424DFD40-699D-C638-6D02-40C15D32DFE4"/>
</indexColumnUsage>
</ind_PK_UK>
</indexes>
</Table>