<?xml version = '1.0' encoding = 'UTF-8'?>
<FKIndexAssociation class="oracle.dbtools.crest.model.design.relational.FKIndexAssociation" directorySegmentName="seg_0" id="101964E3-F99A-ED8C-770E-3F4AACE0E319" containerWithKeyObject="2B6FFD20-E5AA-E281-33D1-AF22C3E61499" localFKIndex="6CA36F77-3B6E-64B4-D8F4-342B88E09F0D" name="Mechanik_serwis_Mechanik_FK">
<createdBy>caribou</createdBy>
<createdTime>2022-11-30 11:46:48 UTC</createdTime>
<generatorID>84C30F45-5B79-9F5B-4645-B7F0E1C39DC4</generatorID>
<ownerDesignName>erd-model</ownerDesignName>
<referredTableLongName>Mechanik</referredTableLongName>
<deleteRule>NO ACTION</deleteRule>
<referredTableID>FE247D9E-E926-9509-B074-450B312D0C49</referredTableID>
<keyObject>835132CA-0C16-3ECD-7931-904344268212</keyObject>
<referredKeyID>835132CA-0C16-3ECD-7931-904344268212</referredKeyID>
<mandatory>true</mandatory>
<refColNames>pesel</refColNames>
<transferable>true</transferable>
<rely>false</rely>
<columnDependencyConstraintGenerateInDDL>true</columnDependencyConstraintGenerateInDDL>
</FKIndexAssociation>
