<?xml version = '1.0' encoding = 'UTF-8'?>
<FKIndexAssociation class="oracle.dbtools.crest.model.design.relational.FKIndexAssociation" directorySegmentName="seg_0" id="105F3D0E-A886-A3D1-338D-7AA4E42CE0DD" containerWithKeyObject="B760CCAB-DC9D-8344-3D83-365016F15195" localFKIndex="13F6DA11-3456-6E7F-CB99-2BF11BA827FE" name="Rekordy_Wyscigi_FK">
<createdBy>caribou</createdBy>
<createdTime>2022-11-30 11:46:48 UTC</createdTime>
<generatorID>4E8C3859-837C-6F41-3B66-84EB1800AF86</generatorID>
<ownerDesignName>erd-model</ownerDesignName>
<referredTableLongName>Wyscigi</referredTableLongName>
<deleteRule>NO ACTION</deleteRule>
<referredTableID>D64916DA-29B3-B6DC-4022-337646FAAE0D</referredTableID>
<keyObject>3DAC9816-7F95-08B4-8683-A19BE118D9A8</keyObject>
<referredKeyID>3DAC9816-7F95-08B4-8683-A19BE118D9A8</referredKeyID>
<mandatory>true</mandatory>
<refColNames>nazwa_wys</refColNames>
<transferable>true</transferable>
<rely>false</rely>
<columnDependencyConstraintGenerateInDDL>true</columnDependencyConstraintGenerateInDDL>
</FKIndexAssociation>
