<?xml version = '1.0' encoding = 'UTF-8'?>
<FKIndexAssociation class="oracle.dbtools.crest.model.design.relational.FKIndexAssociation" directorySegmentName="seg_0" id="2509E0B5-A301-4DC3-FAD0-306A8FA4146A" containerWithKeyObject="DD81587C-EEB3-A387-46EE-EA8D4724949F" localFKIndex="BB5AA2A4-6EF8-D06D-A534-866DF2A96E14" name="Wyniki_Wyscigi_FK">
<createdBy>caribou</createdBy>
<createdTime>2022-11-30 11:46:48 UTC</createdTime>
<generatorID>0CE469F3-16A5-BE8C-9071-5B5BFC47453F</generatorID>
<ownerDesignName>erd-model</ownerDesignName>
<referredTableLongName>Wyscigi</referredTableLongName>
<deleteRule>NO ACTION</deleteRule>
<referredTableID>D64916DA-29B3-B6DC-4022-337646FAAE0D</referredTableID>
<keyObject>06546492-BD7B-A187-A012-D6E098A15247</keyObject>
<referredKeyID>06546492-BD7B-A187-A012-D6E098A15247</referredKeyID>
<mandatory>true</mandatory>
<refColNames>Wyscigi_ID</refColNames>
<transferable>true</transferable>
<rely>false</rely>
<columnDependencyConstraintGenerateInDDL>true</columnDependencyConstraintGenerateInDDL>
</FKIndexAssociation>
