<?xml version = '1.0' encoding = 'UTF-8'?>
<FKIndexAssociation class="oracle.dbtools.crest.model.design.relational.FKIndexAssociation" directorySegmentName="seg_0" id="3EE5140C-F094-68C8-BA78-11CC7D85BF78" containerWithKeyObject="DD81587C-EEB3-A387-46EE-EA8D4724949F" localFKIndex="215E2905-2412-6A2A-F9C8-73026FC31378" name="Wyniki_Kierowcy_FK">
<createdBy>caribou</createdBy>
<createdTime>2022-11-30 11:46:48 UTC</createdTime>
<generatorID>EB73786B-BDF2-434D-E426-A0AE20BED1E4</generatorID>
<ownerDesignName>erd-model</ownerDesignName>
<referredTableLongName>Kierowcy</referredTableLongName>
<deleteRule>NO ACTION</deleteRule>
<referredTableID>CF03F463-5E2E-BB81-15A8-275B8F055531</referredTableID>
<keyObject>46FA53D7-0FB4-560B-DEDF-239E0D523D4B</keyObject>
<referredKeyID>46FA53D7-0FB4-560B-DEDF-239E0D523D4B</referredKeyID>
<mandatory>true</mandatory>
<refColNames>pesel</refColNames>
<transferable>true</transferable>
<rely>false</rely>
<columnDependencyConstraintGenerateInDDL>true</columnDependencyConstraintGenerateInDDL>
</FKIndexAssociation>
