<?xml version = '1.0' encoding = 'UTF-8'?>
<FKIndexAssociation class="oracle.dbtools.crest.model.design.relational.FKIndexAssociation" directorySegmentName="seg_0" id="5596E76E-3345-FB78-D450-27610D2976ED" containerWithKeyObject="D64916DA-29B3-B6DC-4022-337646FAAE0D" localFKIndex="5CB55029-A783-DAD3-AA45-8613BD43BDEF" name="Wyscigi_Tory_FK">
<createdBy>caribou</createdBy>
<createdTime>2022-11-30 11:46:48 UTC</createdTime>
<generatorID>EC9CCCAC-3630-C7C7-2301-3094B06ECA06</generatorID>
<ownerDesignName>erd-model</ownerDesignName>
<referredTableLongName>Tory</referredTableLongName>
<deleteRule>NO ACTION</deleteRule>
<referredTableID>B535078C-FFE7-897D-6F22-81A676C4977B</referredTableID>
<keyObject>C0B3A69D-96B3-C99C-00BC-2A5956153861</keyObject>
<referredKeyID>C0B3A69D-96B3-C99C-00BC-2A5956153861</referredKeyID>
<mandatory>true</mandatory>
<refColNames>nazwa_tor</refColNames>
<transferable>true</transferable>
<rely>false</rely>
<columnDependencyConstraintGenerateInDDL>true</columnDependencyConstraintGenerateInDDL>
</FKIndexAssociation>
