<?xml version = '1.0' encoding = 'UTF-8'?>
<FKIndexAssociation class="oracle.dbtools.crest.model.design.relational.FKIndexAssociation" directorySegmentName="seg_0" id="5DA29558-31DD-2669-317A-4C2BF68D62BE" containerWithKeyObject="AB85F638-91EA-3E53-2216-03D3BA09D433" localFKIndex="492A0D23-0E93-06E9-041B-E5310B21A63C" name="Samochody_Model_FK">
<createdBy>caribou</createdBy>
<createdTime>2022-11-30 11:46:48 UTC</createdTime>
<generatorID>AF648BF3-201A-6768-AE7F-932BFBB1C76F</generatorID>
<ownerDesignName>erd-model</ownerDesignName>
<referredTableLongName>Model</referredTableLongName>
<deleteRule>NO ACTION</deleteRule>
<referredTableID>2C5A2232-D23E-8CC2-E532-490869C4D4F0</referredTableID>
<keyObject>FD667A23-F113-FB0F-92F5-46542FF8FD70</keyObject>
<referredKeyID>FD667A23-F113-FB0F-92F5-46542FF8FD70</referredKeyID>
<mandatory>true</mandatory>
<refColNames>nazwa_mod,marka_mod</refColNames>
<transferable>true</transferable>
<rely>false</rely>
<columnDependencyConstraintGenerateInDDL>true</columnDependencyConstraintGenerateInDDL>
</FKIndexAssociation>
