<?xml version = '1.0' encoding = 'UTF-8'?>
<FKIndexAssociation class="oracle.dbtools.crest.model.design.relational.FKIndexAssociation" directorySegmentName="seg_0" id="6BC4FF10-73BB-6287-8B40-67EA6E1E7299" containerWithKeyObject="AB85F638-91EA-3E53-2216-03D3BA09D433" localFKIndex="34989FBA-0E9E-3AAA-74BE-381D49C37740" name="Samochody_Zespoly_FK">
<createdBy>caribou</createdBy>
<createdTime>2022-11-30 11:46:48 UTC</createdTime>
<generatorID>B5D75EF3-B317-3501-18F8-A499FC6FA779</generatorID>
<ownerDesignName>erd-model</ownerDesignName>
<referredTableLongName>Zespoly</referredTableLongName>
<deleteRule>NO ACTION</deleteRule>
<referredTableID>390B8392-1AB4-4C38-98E6-0CDB662D6CC0</referredTableID>
<keyObject>5EFB94CC-2B21-AECA-4CED-3DDF07143705</keyObject>
<referredKeyID>5EFB94CC-2B21-AECA-4CED-3DDF07143705</referredKeyID>
<mandatory>true</mandatory>
<refColNames>nazwa_zesp</refColNames>
<transferable>true</transferable>
<rely>false</rely>
<columnDependencyConstraintGenerateInDDL>true</columnDependencyConstraintGenerateInDDL>
</FKIndexAssociation>
