<?xml version = '1.0' encoding = 'UTF-8'?>
<FKIndexAssociation class="oracle.dbtools.crest.model.design.relational.FKIndexAssociation" directorySegmentName="seg_0" id="7508BB8D-880B-A440-A07A-BF7FDA5F2EF6" containerWithKeyObject="4CEEC20B-F07D-3289-1A52-4DF66A43BD44" localFKIndex="CDED9BC6-5C50-6A33-B8F9-F6175BC7A688" name="Trener_Zespoly_FK">
<createdBy>caribou</createdBy>
<createdTime>2022-11-30 12:04:09 UTC</createdTime>
<generatorID>CE885F31-C3FF-28A3-7C8F-989F49107643</generatorID>
<ownerDesignName>erd-model</ownerDesignName>
<referredTableLongName>Zespoly</referredTableLongName>
<deleteRule>NO ACTION</deleteRule>
<referredTableID>390B8392-1AB4-4C38-98E6-0CDB662D6CC0</referredTableID>
<keyObject>5EFB94CC-2B21-AECA-4CED-3DDF07143705</keyObject>
<referredKeyID>5EFB94CC-2B21-AECA-4CED-3DDF07143705</referredKeyID>
<mandatory>true</mandatory>
<refColNames>nazwa_zesp</refColNames>
<transferable>true</transferable>
<rely>false</rely>
<columnDependencyConstraintGenerateInDDL>true</columnDependencyConstraintGenerateInDDL>
</FKIndexAssociation>
