<?xml version = '1.0' encoding = 'UTF-8'?>
<FKIndexAssociation class="oracle.dbtools.crest.model.design.relational.FKIndexAssociation" directorySegmentName="seg_0" id="77706FC2-93E7-7914-B12B-07CE432610C9" containerWithKeyObject="2B6FFD20-E5AA-E281-33D1-AF22C3E61499" localFKIndex="B48C15B9-ECDF-6E80-BFE7-DCBF1FA56645" name="Mechanik_serwis_Serwis_FK">
<createdBy>caribou</createdBy>
<createdTime>2022-11-30 11:46:48 UTC</createdTime>
<generatorID>84C30F45-5B79-9F5B-4645-B7F0E1C39DC4</generatorID>
<ownerDesignName>erd-model</ownerDesignName>
<referredTableLongName>Serwis</referredTableLongName>
<deleteRule>NO ACTION</deleteRule>
<referredTableID>E70D2A2B-F213-6347-E60C-511BEE6321A6</referredTableID>
<keyObject>1FFBE6B0-D564-0487-3DEF-264456A27D4A</keyObject>
<referredKeyID>1FFBE6B0-D564-0487-3DEF-264456A27D4A</referredKeyID>
<mandatory>true</mandatory>
<refColNames>vin,data_rozp</refColNames>
<transferable>true</transferable>
<rely>false</rely>
<columnDependencyConstraintGenerateInDDL>true</columnDependencyConstraintGenerateInDDL>
</FKIndexAssociation>
