<?xml version = '1.0' encoding = 'UTF-8'?>
<FKIndexAssociation class="oracle.dbtools.crest.model.design.relational.FKIndexAssociation" directorySegmentName="seg_0" id="7C950AF2-CFFA-E256-4735-5B8739FB0C07" containerWithKeyObject="E20E331C-7EB6-0C78-6900-4B46343D0F3D" localFKIndex="5CEEEC6D-5533-3F9B-4BCD-7311579A37FA" name="Sponsor_Zespol_Zespoly_FK">
<createdBy>caribou</createdBy>
<createdTime>2022-11-30 11:46:48 UTC</createdTime>
<generatorID>E1A22295-337D-44E2-9A54-67D4AB412526</generatorID>
<ownerDesignName>erd-model</ownerDesignName>
<referredTableLongName>Zespoly</referredTableLongName>
<deleteRule>NO ACTION</deleteRule>
<referredTableID>390B8392-1AB4-4C38-98E6-0CDB662D6CC0</referredTableID>
<keyObject>5EFB94CC-2B21-AECA-4CED-3DDF07143705</keyObject>
<referredKeyID>5EFB94CC-2B21-AECA-4CED-3DDF07143705</referredKeyID>
<mandatory>true</mandatory>
<refColNames>nazwa_zesp</refColNames>
<transferable>true</transferable>
<rely>false</rely>
<columnDependencyConstraintGenerateInDDL>true</columnDependencyConstraintGenerateInDDL>
</FKIndexAssociation>
