<?xml version = '1.0' encoding = 'UTF-8'?>
<FKIndexAssociation class="oracle.dbtools.crest.model.design.relational.FKIndexAssociation" directorySegmentName="seg_0" id="B094E1E4-80AF-B8C3-B098-5637F7B567BD" containerWithKeyObject="B760CCAB-DC9D-8344-3D83-365016F15195" localFKIndex="419A59F6-E737-8A7E-5742-165EEC4025AE" name="Rekordy_Kierowcy_FK">
<createdBy>caribou</createdBy>
<createdTime>2022-11-30 11:46:48 UTC</createdTime>
<generatorID>D7075438-BF90-0DEB-7517-D6B798F98BB0</generatorID>
<ownerDesignName>erd-model</ownerDesignName>
<referredTableLongName>Kierowcy</referredTableLongName>
<deleteRule>NO ACTION</deleteRule>
<referredTableID>CF03F463-5E2E-BB81-15A8-275B8F055531</referredTableID>
<keyObject>4AD96940-892F-F2C8-4EF6-91A988E5CE06</keyObject>
<referredKeyID>4AD96940-892F-F2C8-4EF6-91A988E5CE06</referredKeyID>
<mandatory>true</mandatory>
<refColNames>Kierowcy_ID</refColNames>
<transferable>true</transferable>
<rely>false</rely>
<columnDependencyConstraintGenerateInDDL>true</columnDependencyConstraintGenerateInDDL>
</FKIndexAssociation>
