<?xml version = '1.0' encoding = 'UTF-8'?>
<FKIndexAssociation class="oracle.dbtools.crest.model.design.relational.FKIndexAssociation" directorySegmentName="seg_0" id="B2DDE37C-EAEE-F157-9044-7D3D7294C6E1" containerWithKeyObject="CF03F463-5E2E-BB81-15A8-275B8F055531" localFKIndex="4CEEA05A-0436-32AE-98E9-3925ED02DB99" name="Kierowcy_Model_FK">
<createdBy>caribou</createdBy>
<createdTime>2022-11-30 11:46:48 UTC</createdTime>
<generatorID>2EA818C6-9E57-6AF5-16A1-312CB52F1C6B</generatorID>
<ownerDesignName>erd-model</ownerDesignName>
<referredTableLongName>Model</referredTableLongName>
<deleteRule>NO ACTION</deleteRule>
<referredTableID>2C5A2232-D23E-8CC2-E532-490869C4D4F0</referredTableID>
<keyObject>FD667A23-F113-FB0F-92F5-46542FF8FD70</keyObject>
<referredKeyID>FD667A23-F113-FB0F-92F5-46542FF8FD70</referredKeyID>
<mandatory>true</mandatory>
<refColNames>nazwa_mod,marka_mod</refColNames>
<transferable>true</transferable>
<rely>false</rely>
<columnDependencyConstraintGenerateInDDL>true</columnDependencyConstraintGenerateInDDL>
</FKIndexAssociation>
