<?xml version = '1.0' encoding = 'UTF-8'?>
<FKIndexAssociation class="oracle.dbtools.crest.model.design.relational.FKIndexAssociation" directorySegmentName="seg_0" id="B711A8EF-A731-9BA1-F0AB-AAB8C197D4FA" containerWithKeyObject="E20E331C-7EB6-0C78-6900-4B46343D0F3D" localFKIndex="8DF012E0-26E3-D631-CA2C-0DF053771246" name="Sponsor_Zespol_Sponsorzy_FK">
<createdBy>caribou</createdBy>
<createdTime>2022-11-30 11:46:48 UTC</createdTime>
<generatorID>E1A22295-337D-44E2-9A54-67D4AB412526</generatorID>
<ownerDesignName>erd-model</ownerDesignName>
<referredTableLongName>Sponsorzy</referredTableLongName>
<deleteRule>NO ACTION</deleteRule>
<referredTableID>4937F5BF-3DF1-F5F6-867B-5965A3728903</referredTableID>
<keyObject>77ECA7D3-E09A-0ED3-3630-C10F46720C5D</keyObject>
<referredKeyID>77ECA7D3-E09A-0ED3-3630-C10F46720C5D</referredKeyID>
<mandatory>true</mandatory>
<refColNames>lei</refColNames>
<transferable>true</transferable>
<rely>false</rely>
<columnDependencyConstraintGenerateInDDL>true</columnDependencyConstraintGenerateInDDL>
</FKIndexAssociation>
