<?xml version = '1.0' encoding = 'UTF-8'?>
<FKIndexAssociation class="oracle.dbtools.crest.model.design.relational.FKIndexAssociation" directorySegmentName="seg_0" id="CA2BB6C7-1A35-58C3-54A3-616BED01A010" containerWithKeyObject="CF0746B9-CCFF-6ED7-DB75-43502318DD1E" localFKIndex="E3C7DA9E-E1A0-199E-E889-47F86FFB5374" name="Inzynier_Zespoly_FK">
<createdBy>caribou</createdBy>
<createdTime>2022-11-30 12:04:09 UTC</createdTime>
<generatorID>CE885F31-C3FF-28A3-7C8F-989F49107643</generatorID>
<ownerDesignName>erd-model</ownerDesignName>
<referredTableLongName>Zespoly</referredTableLongName>
<deleteRule>NO ACTION</deleteRule>
<referredTableID>390B8392-1AB4-4C38-98E6-0CDB662D6CC0</referredTableID>
<keyObject>5EFB94CC-2B21-AECA-4CED-3DDF07143705</keyObject>
<referredKeyID>5EFB94CC-2B21-AECA-4CED-3DDF07143705</referredKeyID>
<mandatory>true</mandatory>
<refColNames>nazwa_zesp</refColNames>
<transferable>true</transferable>
<rely>false</rely>
<columnDependencyConstraintGenerateInDDL>true</columnDependencyConstraintGenerateInDDL>
</FKIndexAssociation>
