<?xml version = '1.0' encoding = 'UTF-8'?>
<FKIndexAssociation class="oracle.dbtools.crest.model.design.relational.FKIndexAssociation" directorySegmentName="seg_0" id="CF6D3504-5F87-8577-2984-DA50CB968491" containerWithKeyObject="E70D2A2B-F213-6347-E60C-511BEE6321A6" localFKIndex="1DC35AC9-690C-4597-A14F-2257E30EAAB2" name="Serwis_Samochody_FK">
<createdBy>caribou</createdBy>
<createdTime>2022-11-30 11:46:48 UTC</createdTime>
<generatorID>4BEFF2D5-1862-5191-C561-EEEE71AFBFB8</generatorID>
<ownerDesignName>erd-model</ownerDesignName>
<referredTableLongName>Samochody</referredTableLongName>
<deleteRule>NO ACTION</deleteRule>
<referredTableID>AB85F638-91EA-3E53-2216-03D3BA09D433</referredTableID>
<keyObject>B85471FF-B16D-A3EB-EBFE-5723D352E2DE</keyObject>
<referredKeyID>B85471FF-B16D-A3EB-EBFE-5723D352E2DE</referredKeyID>
<mandatory>true</mandatory>
<refColNames>Samochody_ID</refColNames>
<transferable>true</transferable>
<rely>false</rely>
<columnDependencyConstraintGenerateInDDL>true</columnDependencyConstraintGenerateInDDL>
</FKIndexAssociation>
