<?xml version = '1.0' encoding = 'UTF-8'?>
<FKIndexAssociation class="oracle.dbtools.crest.model.design.relational.FKIndexAssociation" directorySegmentName="seg_0" id="E355FE25-06A4-A72C-39D1-C2AA070CF051" containerWithKeyObject="FE247D9E-E926-9509-B074-450B312D0C49" localFKIndex="89CB76E0-B571-1C21-1470-5DABD930CF7D" name="Mechanik_Zespoly_FK">
<createdBy>caribou</createdBy>
<createdTime>2022-11-30 12:04:09 UTC</createdTime>
<generatorID>CE885F31-C3FF-28A3-7C8F-989F49107643</generatorID>
<ownerDesignName>erd-model</ownerDesignName>
<referredTableLongName>Zespoly</referredTableLongName>
<deleteRule>NO ACTION</deleteRule>
<referredTableID>390B8392-1AB4-4C38-98E6-0CDB662D6CC0</referredTableID>
<keyObject>5EFB94CC-2B21-AECA-4CED-3DDF07143705</keyObject>
<referredKeyID>5EFB94CC-2B21-AECA-4CED-3DDF07143705</referredKeyID>
<mandatory>true</mandatory>
<refColNames>nazwa_zesp</refColNames>
<transferable>true</transferable>
<rely>false</rely>
<columnDependencyConstraintGenerateInDDL>true</columnDependencyConstraintGenerateInDDL>
</FKIndexAssociation>
